feature,coefficient,test_year
vix,0.09037501066716962,2022
treasury_10y,0.012390315837730717,2022
treasury_2y,0.014493513104901653,2022
return_1d,-0.017901299195991927,2022
return_5d,-0.0015202505137830945,2022
volatility_5d,-0.009163756316480174,2022
volatility_10d,0.111400102469798,2022
volatility_20d,0.04303544897477893,2022
vix_change_1d,-0.015912978455371398,2022
vix_change_5d,0.04279286431547341,2022
vix_vs_realized_vol,0.03493255876876164,2022
yield_curve,-0.009935477667239425,2022
treasury_10y_change_5d,0.01813124871657929,2022
treasury_2y_change_5d,-0.06689294612079875,2022
vix,0.09488310187564772,2023
treasury_10y,0.007901185761714318,2023
treasury_2y,0.012308951591328554,2023
return_1d,-0.00838227397660828,2023
return_5d,-0.023635870735897523,2023
volatility_5d,-0.0013741565699694983,2023
volatility_10d,0.0886991162260766,2023
volatility_20d,0.04828438268626956,2023
vix_change_1d,-0.010917975607015462,2023
vix_change_5d,0.031498844969558994,2023
vix_vs_realized_vol,0.03347650863710357,2023
yield_curve,-0.015221763942132193,2023
treasury_10y_change_5d,0.010755623177857427,2023
treasury_2y_change_5d,-0.03419106508154522,2023
vix,0.08263295173494516,2024
treasury_10y,0.0017747194804771638,2024
treasury_2y,0.006139063875269555,2024
return_1d,-0.009066228911517558,2024
return_5d,-0.02145719037690249,2024
volatility_5d,0.004493494533676699,2024
volatility_10d,0.08588584397272665,2024
volatility_20d,0.043316255257797864,2024
vix_change_1d,-0.009840853569098503,2024
vix_change_5d,0.031966679929281115,2024
vix_vs_realized_vol,0.027591706247615172,2024
yield_curve,-0.01199715604132949,2024
treasury_10y_change_5d,-0.004727767522372598,2024
treasury_2y_change_5d,-0.011508808473277045,2024
vix,0.07532559606217934,2025
treasury_10y,-0.0023788701540965003,2025
treasury_2y,0.004231450652378501,2025
return_1d,-0.009315052597619724,2025
return_5d,-0.023609270680915374,2025
volatility_5d,0.007696137037624903,2025
volatility_10d,0.08094060655245083,2025
volatility_20d,0.03961195263157328,2025
vix_change_1d,-0.008980550002349527,2025
vix_change_5d,0.025722878160404812,2025
vix_vs_realized_vol,0.025634171874611034,2025
yield_curve,-0.015576159667502093,2025
treasury_10y_change_5d,-0.0039043253014939766,2025
treasury_2y_change_5d,-0.010487040805660248,2025
