date,y_true,y_pred,Error,Absolute error
2022-01-03,0.3188293275221635,0.2538465845471498,0.06498274297501366,0.06498274297501366
2022-01-04,0.350006375279478,0.24062864391990732,0.10937773135957066,0.10937773135957066
2022-01-05,0.1669024250014958,0.3058101939913024,-0.13890776898980658,0.13890776898980658
2022-01-06,0.2819315955787634,0.2315105918038644,0.050421003774899,0.050421003774899
2022-01-07,0.2747799586871794,0.23241529252564427,0.04236466616153514,0.04236466616153514
2022-01-10,0.4022169054346788,0.20404734724998796,0.19816955818469084,0.19816955818469084
2022-01-11,0.4058533397919012,0.17831051891821137,0.22754282087368982,0.22754282087368982
2022-01-12,0.4401862941958698,0.16797332355075378,0.272212970645116,0.272212970645116
2022-01-13,0.483522685863214,0.29455549059671504,0.18896719526649897,0.18896719526649897
2022-01-14,0.4853406874488036,0.20973721607743395,0.27560347137136965,0.27560347137136965
2022-01-18,0.4319169166337472,0.29512397069114354,0.13679294594260366,0.13679294594260366
2022-01-19,0.4040133011982379,0.3402325803869673,0.06378072081127062,0.06378072081127062
2022-01-20,0.3735357372687481,0.36653625575504,0.006999481513708106,0.006999481513708106
2022-01-21,0.4398457834180582,0.4814116346708099,-0.041565851252751695,0.041565851252751695
2022-01-24,0.5289128265593729,0.5855517393981653,-0.05663891283879241,0.05663891283879241
2022-01-25,0.5037280131495213,0.631332616144954,-0.12760460299543264,0.12760460299543264
2022-01-26,0.5247297189064057,0.5124836996303892,0.01224601927601654,0.01224601927601654
2022-01-27,0.6493523740101795,0.45330773988275563,0.1960446341274239,0.1960446341274239
2022-01-28,0.5315044816138343,0.3352349948741214,0.19626948673971295,0.19626948673971295
2022-01-31,0.4446885675966679,0.2363977694660421,0.20829079813062581,0.20829079813062581
2022-02-01,0.4512179809942353,0.18382176415336576,0.26739621684086956,0.26739621684086956
2022-02-02,0.4835087860269579,0.25221083970393293,0.23129794632302497,0.23129794632302497
2022-02-03,0.4053932699617779,0.4142798745031323,-0.008886604541354426,0.008886604541354426
2022-02-04,0.500106772368742,0.27097131670969343,0.22913545565904858,0.22913545565904858
2022-02-07,0.5003718849730553,0.33725572723963515,0.16311615773342014,0.16311615773342014
2022-02-08,0.5425910978302142,0.26822369042703975,0.27436740740317445,0.27436740740317445
2022-02-09,0.4921919027610962,0.19560028736810336,0.29659161539299284,0.29659161539299284
2022-02-10,0.5229146018527183,0.12196891959716546,0.4009456822555528,0.4009456822555528
2022-02-11,0.4405043213500535,0.3912672546634609,0.04923706668659261,0.04923706668659261
2022-02-14,0.4652992413303101,0.3281856323585187,0.13711360897179137,0.13711360897179137
2022-02-15,0.4917949935755939,0.3331867915577315,0.1586082020178624,0.1586082020178624
2022-02-16,0.5451687634068462,0.38497719597143343,0.16019156743541274,0.16019156743541274
2022-02-17,0.5524204726277997,0.6579825041142611,-0.10556203148646137,0.10556203148646137
2022-02-18,0.5418863002145734,0.5500298070955971,-0.008143506881023721,0.008143506881023721
2022-02-22,0.5733524800764193,0.5500092843904911,0.02334319568592813,0.02334319568592813
2022-02-23,0.5724331395450531,0.6226694010486187,-0.05023626150356553,0.05023626150356553
2022-02-24,0.5283298944234452,0.5620672892287265,-0.03373739480528126,0.03373739480528126
2022-02-25,0.4144292025858779,0.4509626668468878,-0.036533464261009896,0.036533464261009896
2022-02-28,0.6296650353100545,0.5697980792353547,0.05986695607469972,0.05986695607469972
2022-03-01,0.5903201940400387,0.8403336007008638,-0.25001340666082517,0.25001340666082517
2022-03-02,0.651724426588136,0.6113218520303441,0.04040257455779195,0.04040257455779195
2022-03-03,0.6499319902030847,0.5742878689077773,0.0756441212953074,0.0756441212953074
2022-03-04,0.6703085728258242,0.6353992463757032,0.034909326450121014,0.034909326450121014
2022-03-07,0.4868894826039227,0.6530109090390843,-0.16612142643516165,0.16612142643516165
2022-03-08,0.5803887523620042,0.437578979967954,0.14280977239405018,0.14280977239405018
2022-03-09,0.5459848149670408,0.48530427052148806,0.06068054444555271,0.06068054444555271
2022-03-10,0.5756652473601273,0.4643861901838483,0.11127905717627895,0.11127905717627895
2022-03-11,0.5677827129022628,0.40632251089229565,0.16146020200996714,0.16146020200996714
2022-03-14,0.5553767752985093,0.33714023261171755,0.2182365426867917,0.2182365426867917
2022-03-15,0.476667889170574,0.36934942579746305,0.10731846337311096,0.10731846337311096
2022-03-16,0.3770254159101237,0.2790595035066246,0.09796591240349906,0.09796591240349906
2022-03-17,0.3940936539667458,0.3184303555398141,0.0756632984269317,0.0756632984269317
2022-03-18,0.3575843227935178,0.2632675733146393,0.09431674947887853,0.09431674947887853
2022-03-21,0.374956427755698,0.16687700516478454,0.20807942259091344,0.20807942259091344
2022-03-22,0.3822932647979843,0.10353163466823004,0.2787616301297543,0.2787616301297543
2022-03-23,0.3431699608393335,0.2953655840724651,0.047804376766868384,0.047804376766868384
2022-03-24,0.3596832008148243,0.22704790698237656,0.13263529383244774,0.13263529383244774
2022-03-25,0.3547640395757804,0.12346529124215389,0.2312987483336265,0.2312987483336265
2022-03-28,0.3597890063888121,0.1525593524011733,0.20722965398763882,0.20722965398763882
2022-03-29,0.3636708546615529,0.13513331590819128,0.22853753875336164,0.22853753875336164
2022-03-30,0.3824105703509813,0.14668986815001067,0.23572070220097063,0.23572070220097063
2022-03-31,0.2967433144446649,0.24582344497929778,0.05091986946536711,0.05091986946536711
2022-04-01,0.2948075279243515,0.21410783411839707,0.08069969380595443,0.08069969380595443
2022-04-04,0.3788909696665391,0.2644914840731252,0.1143994855934139,0.1143994855934139
2022-04-05,0.3260461623043156,0.3114374288790127,0.014608733425302889,0.014608733425302889
2022-04-06,0.3367484479863093,0.33477636541748856,0.0019720825688207544,0.0019720825688207544
2022-04-07,0.3827286922146545,0.29919529402242134,0.08353339819223315,0.08353339819223315
2022-04-08,0.3804157432096249,0.4001547683333224,-0.019739025123697518,0.019739025123697518
2022-04-11,0.3683127917327646,0.5238212382743144,-0.15550844654154977,0.15550844654154977
2022-04-12,0.364413825512507,0.6147629850416148,-0.25034915952910775,0.25034915952910775
2022-04-13,0.3966678572214315,0.5436163970914849,-0.1469485398700534,0.1469485398700534
2022-04-14,0.5649416198305055,0.4758979180688483,0.08904370176165721,0.08904370176165721
2022-04-18,0.5720868895759065,0.5129038268543129,0.05918306272159357,0.05918306272159357
2022-04-19,0.684646310928424,0.2904674366301133,0.39417887429831067,0.39417887429831067
2022-04-20,0.6853839014600254,0.1899115541091507,0.49547234735087464,0.49547234735087464
2022-04-21,0.7514491384612321,0.20472428987480798,0.5467248485864241,0.5467248485864241
2022-04-22,0.842299466743651,0.395615790786766,0.44668367595688496,0.44668367595688496
2022-04-25,0.8422614345463548,0.4235478726892218,0.41871356185713304,0.41871356185713304
2022-04-26,0.7140489313410117,0.8144697464860114,-0.10042081514499979,0.10042081514499979
2022-04-27,0.8526146195322148,0.7744958305933083,0.07811878893890656,0.07811878893890656
2022-04-28,0.9531160652168196,0.7106013288165245,0.24251473640029508,0.24251473640029508
2022-04-29,0.7565462968400435,0.81149588937393,-0.05494959253388654,0.05494959253388654
2022-05-02,0.91185285861584,0.694796260251689,0.21705659836415103,0.21705659836415103
2022-05-03,0.909464947278564,0.42677716075103617,0.4826877865275278,0.4826877865275278
2022-05-04,0.8236361462378322,0.4735129298973627,0.3501232163404695,0.3501232163404695
2022-05-05,0.5888371500201744,0.712169161550398,-0.12333201153022355,0.12333201153022355
2022-05-06,0.6919511188381303,0.7020806159849868,-0.010129497146856514,0.010129497146856514
2022-05-09,0.4642762067817542,0.9392017029528807,-0.47492549617112656,0.47492549617112656
2022-05-10,0.5608212614266788,0.9367786946609697,-0.375957433234291,0.375957433234291
2022-05-11,0.8206911877825792,0.8465380695596657,-0.025846881777086494,0.025846881777086494
2022-05-12,0.8256736116383928,0.8133454183922666,0.012328193246126218,0.012328193246126218
2022-05-13,0.7358773276913351,0.6787614547091378,0.057115872982197224,0.057115872982197224
2022-05-16,0.7891472967033613,0.5562009831725853,0.232946313530776,0.232946313530776
2022-05-17,0.7341807687713524,0.4386797881086747,0.2955009806626777,0.2955009806626777
2022-05-18,0.3645024432373518,0.6676763569825571,-0.3031739137452053,0.3031739137452053
2022-05-19,0.4710799132182769,0.5563996034584946,-0.08531969024021768,0.08531969024021768
2022-05-20,0.6102847090880601,0.6200541577942789,-0.009769448706218764,0.009769448706218764
2022-05-23,0.5452083581426203,0.5213403304523562,0.023868027690264082,0.023868027690264082
2022-05-24,0.5428754865964234,0.8103596647315258,-0.2674841781351024,0.2674841781351024
2022-05-25,0.5970515859069715,0.7258874976418346,-0.12883591173486308,0.12883591173486308
2022-05-26,0.5720584179672472,0.6937949644109235,-0.12173654644367626,0.12173654644367626
2022-05-27,0.4233048631802958,0.6200835780857847,-0.19677871490548893,0.19677871490548893
2022-05-31,0.4379992760749909,0.6709993641750682,-0.23300008810007733,0.23300008810007733
2022-06-01,0.4553100633855358,0.4294886055883446,0.025821457797191194,0.025821457797191194
2022-06-02,0.5190889069920591,0.2882799924093401,0.23080891458271902,0.23080891458271902
2022-06-03,0.6487883593109155,0.34655032285404147,0.302238036456874,0.302238036456874
2022-06-06,0.9013494529558416,0.3105511702445008,0.5907982827113407,0.5907982827113407
2022-06-07,0.8907265291608536,0.27841312824878256,0.612313400912071,0.612313400912071
2022-06-08,0.9036603278508722,0.39386207299299714,0.5097982548578751,0.5097982548578751
2022-06-09,0.9724707146313396,0.4498261151731404,0.5226445994581992,0.5226445994581992
2022-06-10,0.8526329783519302,0.3315961017076277,0.5210368766443025,0.5210368766443025
2022-06-13,0.693089873332236,0.27335038638498366,0.4197394869472524,0.4197394869472524
2022-06-14,0.6907957216505304,0.2555947226306533,0.4352009990198771,0.4352009990198771
2022-06-15,0.6685740896880523,0.3848520608309,0.2837220288571523,0.2837220288571523
2022-06-16,0.6325288243551184,0.5507471677267851,0.08178165662833325,0.08178165662833325
2022-06-17,0.633331609592719,0.6351468037813225,-0.0018151941886035416,0.0018151941886035416
2022-06-21,0.5984030957221287,0.7731778192877592,-0.1747747235656305,0.1747747235656305
2022-06-22,0.5981526357318657,0.9261588449415216,-0.32800620920965584,0.32800620920965584
2022-06-23,0.5954920083455317,0.778135911981007,-0.18264390363547522,0.18264390363547522
2022-06-24,0.3924118436258798,0.6439607852248607,-0.2515489415989809,0.2515489415989809
2022-06-27,0.3903643497761266,0.6802734011650171,-0.2899090513888905,0.2899090513888905
2022-06-28,0.2263737624325097,0.7062163405123383,-0.47984257807982855,0.47984257807982855
2022-06-29,0.3266753658846519,0.6023317109149544,-0.2756563450303025,0.2756563450303025
2022-06-30,0.2956102852265143,0.6887020010654021,-0.39309171583888786,0.39309171583888786
2022-07-01,0.3057566900376017,0.6763146230970678,-0.3705579330594661,0.3705579330594661
2022-07-05,0.338511221067247,0.7236071681882612,-0.3850959471210142,0.3850959471210142
2022-07-06,0.3411921669859883,0.5829203239381746,-0.2417281569521863,0.2417281569521863
2022-07-07,0.2511679082653161,0.49700943516655927,-0.24584152690124317,0.24584152690124317
2022-07-08,0.3925145345533291,0.31296644083736314,0.07954809371596594,0.07954809371596594
2022-07-11,0.3714392243577618,0.2940588727849861,0.07738035157277567,0.07738035157277567
2022-07-12,0.5508244730325005,0.3430939863899636,0.2077304866425369,0.2077304866425369
2022-07-13,0.5541550343844946,0.3436354090932725,0.21051962529122215,0.21051962529122215
2022-07-14,0.5736564413162905,0.3764097249394562,0.19724671637683427,0.19724671637683427
2022-07-15,0.5099803659643836,0.40469671109373745,0.10528365487064612,0.10528365487064612
2022-07-18,0.4926857431077517,0.4006396387532693,0.0920461043544824,0.0920461043544824
2022-07-19,0.2992226254394921,0.2682687573364648,0.03095386810302725,0.03095386810302725
2022-07-20,0.4988263812856977,0.38088441177704524,0.11794196950865243,0.11794196950865243
2022-07-21,0.5110921184463841,0.4728406519531961,0.03825146649318806,0.03825146649318806
2022-07-22,0.5377879895426291,0.5913861467568062,-0.053598157214177156,0.053598157214177156
2022-07-25,0.539253812467266,0.5668404118282406,-0.02758659936097463,0.02758659936097463
2022-07-26,0.5177700257064256,0.6780257202396475,-0.16025569453322186,0.16025569453322186
2022-07-27,0.4009530964256033,0.6847749739231731,-0.2838218774975698,0.2838218774975698
2022-07-28,0.3525078487942775,0.647111612607021,-0.2946037638127435,0.2946037638127435
2022-07-29,0.2734478196934953,0.49343231457074044,-0.21998449487724514,0.21998449487724514
2022-08-01,0.2704554136596477,0.5171655631803066,-0.2467101495206589,0.2467101495206589
2022-08-02,0.2577865068258347,0.4268358510927761,-0.1690493442669414,0.1690493442669414
2022-08-03,0.3429552549571421,0.3013255513232207,0.04162970363392138,0.04162970363392138
2022-08-04,0.3429160288123196,0.2826619038767326,0.06025412493558696,0.06025412493558696
2022-08-05,0.4373229645837336,0.15952652590113295,0.2777964386826006,0.2777964386826006
2022-08-08,0.4413841291361592,0.18435720456658525,0.257026924569574,0.257026924569574
2022-08-09,0.4371915161434518,0.2390933383987881,0.1980981777446637,0.1980981777446637
2022-08-10,0.3042856570376454,0.252096054597655,0.05218960243999038,0.05218960243999038
2022-08-11,0.3062014186930418,0.2419806706987056,0.06422074799433619,0.06422074799433619
2022-08-12,0.2488264072472868,0.35443093023476424,-0.10560452298747744,0.10560452298747744
2022-08-15,0.419387614488185,0.39252587253751564,0.02686174195066937,0.02686174195066937
2022-08-16,0.4198402651794464,0.4036932443959671,0.016147020783479293,0.016147020783479293
2022-08-17,0.4063315940620073,0.38585797927322657,0.020473614788780736,0.020473614788780736
2022-08-18,0.4616865709547273,0.3950301232639885,0.06665644769073881,0.06665644769073881
2022-08-19,0.6830840045567105,0.4779712058767527,0.2051127986799578,0.2051127986799578
2022-08-22,0.5999596525520848,0.4925717552493704,0.10738789730271442,0.10738789730271442
2022-08-23,0.6242405531572546,0.567573589732591,0.0566669634246636,0.0566669634246636
2022-08-24,0.6348696864582739,0.47103770681706925,0.16383197964120466,0.16383197964120466
2022-08-25,0.5966329406629003,0.38021611485319373,0.21641682580970656,0.21641682580970656
2022-08-26,0.2990029034686653,0.5215220867287521,-0.2225191832600868,0.2225191832600868
2022-08-29,0.2870047891611242,0.5076316886936498,-0.22062689953252562,0.22062689953252562
2022-08-30,0.3669111684656734,0.443684430852464,-0.07677326238679061,0.07677326238679061
2022-08-31,0.3606166942259268,0.5183827713592584,-0.15776607713333157,0.15776607713333157
2022-09-01,0.4308992524119779,0.48287500439776515,-0.051975751985787244,0.051975751985787244
2022-09-02,0.429238184516378,0.5683098625062342,-0.13907167798985615,0.13907167798985615
2022-09-06,0.8199387960387257,0.5312662394680996,0.28867255657062607,0.28867255657062607
2022-09-07,0.7693758643391247,0.5564102366654662,0.21296562767365856,0.21296562767365856
2022-09-08,0.7833561690822762,0.5067279115499861,0.27662825753229014,0.27662825753229014
2022-09-09,0.7542244376236094,0.44347126119536634,0.310753176428243,0.310753176428243
2022-09-12,0.7434299917889305,0.31230821962222377,0.4311217721667068,0.4311217721667068
2022-09-13,0.3045892998617784,0.45053101996131123,-0.14594172009953282,0.14594172009953282
2022-09-14,0.4062104186219367,0.34408388595665057,0.062126532665286116,0.062126532665286116
2022-09-15,0.3878257196001372,0.32624238272123557,0.06158333687890161,0.06158333687890161
2022-09-16,0.4620182734314439,0.4186717588611999,0.04334651457024402,0.04334651457024402
2022-09-19,0.478455138332562,0.3063530133328243,0.1721021249997377,0.1721021249997377
2022-09-20,0.4446017929356368,0.48885538135633666,-0.044253588420699874,0.044253588420699874
2022-09-21,0.4671136400601913,0.49014341729287114,-0.02302977723267985,0.02302977723267985
2022-09-22,0.5612861501218708,0.4950215876767985,0.06626456244507228,0.06626456244507228
2022-09-23,0.5449557538262533,0.43153592405992075,0.11341982976633253,0.11341982976633253
2022-09-26,0.659026373697435,0.5351943501261113,0.12383202357132372,0.12383202357132372
2022-09-27,0.8135597665941755,0.43514363263496414,0.37841613395921136,0.37841613395921136
2022-09-28,0.7531732812303645,0.6077233485688224,0.14544993266154216,0.14544993266154216
2022-09-29,0.692168137957148,0.6731985263705793,0.018969611586568735,0.018969611586568735
2022-09-30,0.7901364249888234,0.6938675463921564,0.096268878596667,0.096268878596667
2022-10-03,0.6884787285782006,0.6994429597154541,-0.010964231137253533,0.010964231137253533
2022-10-04,0.5060476040957875,0.7139078852262364,-0.20786028113044885,0.20786028113044885
2022-10-05,0.507734023928089,0.580395589400182,-0.07266156547209301,0.07266156547209301
2022-10-06,0.6298122037252315,0.6294973182583439,0.00031488546688762664,0.00031488546688762664
2022-10-07,0.5812732166119927,0.695248255094892,-0.11397503848289925,0.11397503848289925
2022-10-10,0.7041010508689155,0.649604553823315,0.054496497045600556,0.054496497045600556
2022-10-11,0.7193846421871942,0.7084788878148374,0.010905754372356857,0.010905754372356857
2022-10-12,0.7253067139213608,0.731543984656847,-0.006237270735486189,0.006237270735486189
2022-10-13,0.6136242883751639,0.5381336988772083,0.07549058949795562,0.07549058949795562
2022-10-14,0.6087447911467309,0.6555768218916393,-0.04683203074490849,0.04683203074490849
2022-10-17,0.4833183642593713,0.5796568361924974,-0.09633847193312611,0.09633847193312611
2022-10-18,0.5164027433698937,0.5445888083855287,-0.02818606501563503,0.02818606501563503
2022-10-19,0.5188779512960078,0.4753933626848108,0.04348458861119697,0.04348458861119697
2022-10-20,0.5124026314816268,0.6057280433953316,-0.0933254119137048,0.0933254119137048
2022-10-21,0.5226417797229091,0.6459191142370301,-0.12327733451412093,0.12327733451412093
2022-10-24,0.5020988350959339,0.6386699113961222,-0.13657107630018828,0.13657107630018828
2022-10-25,0.4367470197382428,0.638799876149723,-0.2020528564114802,0.2020528564114802
2022-10-26,0.5817621603739431,0.7456848269151911,-0.16392266654124799,0.16392266654124799
2022-10-27,0.5980037013844612,0.8450504199973924,-0.24704671861293115,0.24704671861293115
2022-10-28,0.5045501021139771,0.5434404656483349,-0.03889036353435782,0.03889036353435782
2022-10-31,0.5133543158507409,0.5001861238890449,0.01316819196169594,0.01316819196169594
2022-11-01,0.5168454598324494,0.43929928005287633,0.07754617977957312,0.07754617977957312
2022-11-02,0.4654801915631552,0.44021887407834015,0.025261317484815027,0.025261317484815027
2022-11-03,0.960036454187852,0.2606775944838089,0.6993588597040431,0.6993588597040431
2022-11-04,0.9470386810901132,0.35479284657807414,0.5922458345120392,0.5922458345120392
2022-11-07,0.9455767054214642,0.3783356313185442,0.56724107410292,0.56724107410292
2022-11-08,0.951435042044252,0.4559834858733869,0.4954515561708651,0.4954515561708651
2022-11-09,0.900796192140446,0.6392194579588293,0.26157673418161675,0.26157673418161675
2022-11-10,0.2833838040734655,0.8387624337379179,-0.5553786296644525,0.5553786296644525
2022-11-11,0.2542911100080069,0.8136748485671581,-0.5593837385591511,0.5593837385591511
2022-11-14,0.2194915632473286,0.8637681657488451,-0.6442766025015165,0.6442766025015165
2022-11-15,0.2739703230561272,0.8292708506584854,-0.5553005276023582,0.5553005276023582
2022-11-16,0.2579162118242771,0.7660266700485732,-0.5081104582242961,0.5081104582242961
2022-11-17,0.2532359472061918,0.548526615583331,-0.29529066837713924,0.29529066837713924
2022-11-18,0.3456852711638765,0.469871989124784,-0.12418671796090752,0.12418671796090752
2022-11-21,0.3410604379726792,0.5247564961687483,-0.1836960581960691,0.1836960581960691
2022-11-22,0.551875810251839,0.4495566279640406,0.10231918228779835,0.10231918228779835
2022-11-23,0.5440521389811581,0.419019389335754,0.12503274964540412,0.12503274964540412
2022-11-25,0.5443644021565002,0.37163357943891767,0.1727308227175825,0.1727308227175825
2022-11-28,0.5634206986010377,0.480943089280794,0.08247760932024373,0.08247760932024373
2022-11-29,0.6081237041787964,0.43235127894306,0.17577242523573633,0.17577242523573633
2022-11-30,0.3695891347071779,0.49437527701482914,-0.12478614230765123,0.12478614230765123
2022-12-01,0.3880169191069615,0.6126916583804662,-0.22467473927350473,0.22467473927350473
2022-12-02,0.4048577138299435,0.5297663734671275,-0.124908659637184,0.124908659637184
2022-12-05,0.3638793698650022,0.5201931434477353,-0.15631377358273307,0.15631377358273307
2022-12-06,0.3044524780222896,0.6183782194414837,-0.31392574141919416,0.31392574141919416
2022-12-07,0.3179687350607073,0.6105423647773687,-0.2925736297166614,0.2925736297166614
2022-12-08,0.4974529808445646,0.47687030255105234,0.020582678293512235,0.020582678293512235
2022-12-09,0.5151302266661433,0.5605263116567241,-0.04539608499058079,0.04539608499058079
2022-12-12,0.4851112206926574,0.6085148081255631,-0.12340358743290575,0.12340358743290575
2022-12-13,0.471497086627536,0.662241205954402,-0.19074411932686597,0.19074411932686597
2022-12-14,0.517600912397856,0.5065652558130325,0.011035656584823528,0.011035656584823528
2022-12-15,0.4010060021122973,0.6107081848911062,-0.20970218277880892,0.20970218277880892
2022-12-16,0.3712413830186014,0.6549548865128504,-0.283713503494249,0.283713503494249
2022-12-19,0.3483360566108823,0.6134470519707373,-0.26511099535985505,0.26511099535985505
2022-12-20,0.3973947800971935,0.4857465007864129,-0.08835172068921943,0.08835172068921943
2022-12-21,0.4225478065420597,0.5042551968545872,-0.0817073903125275,0.0817073903125275
2022-12-22,0.3560564713991622,0.5414182404801376,-0.18536176908097546,0.18536176908097546
2022-12-23,0.3495693237548817,0.39827598505063366,-0.04870666129575196,0.04870666129575196
2022-12-27,0.3636820980476692,0.46941612360288537,-0.10573402555521616,0.10573402555521616
2022-12-28,0.3605378108237519,0.4915833739082502,-0.13104556308449827,0.13104556308449827
2022-12-29,0.4277865660713972,0.41432490414262513,0.013461661928772073,0.013461661928772073
2022-12-30,0.4260505459682531,0.37064254586784384,0.05540800010040925,0.05540800010040925
2023-01-03,0.4354952825174817,0.4776643791931974,-0.04216909667571567,0.04216909667571567
2023-01-04,0.4653163768127972,0.4407403279324406,0.024576048880356582,0.024576048880356582
2023-01-05,0.4299668936073721,0.4280833492811163,0.001883544326255815,0.001883544326255815
2023-01-06,0.2456696019236217,0.46290632330100434,-0.21723672137738265,0.21723672137738265
2023-01-09,0.247479287491551,0.5052968325240755,-0.2578175450325245,0.2578175450325245
2023-01-10,0.3332514640591117,0.45522623995796807,-0.12197477589885636,0.12197477589885636
2023-01-11,0.2911938319444302,0.4613951733178179,-0.17020134137338766,0.17020134137338766
2023-01-12,0.4127691898885796,0.44164733715014837,-0.028878147261568787,0.028878147261568787
2023-01-13,0.4489150640974679,0.35540212740443483,0.09351293669303307,0.09351293669303307
2023-01-17,0.4478965670050172,0.3725305570445006,0.07536600996051657,0.07536600996051657
2023-01-18,0.3723208306220969,0.48822229830008784,-0.11590146767799092,0.11590146767799092
2023-01-19,0.3924407730297187,0.49547403307323135,-0.10303326004351265,0.10303326004351265
2023-01-20,0.2589580264997635,0.44463615232076403,-0.18567812582100052,0.18567812582100052
2023-01-23,0.2735745262013572,0.4359900189863066,-0.16241549278494943,0.16241549278494943
2023-01-24,0.3577203844144323,0.4297179345641847,-0.0719975501497524,0.0719975501497524
2023-01-25,0.393956669566758,0.3787885051011507,0.015168164465607314,0.015168164465607314
2023-01-26,0.4226815145783397,0.3358823211539109,0.08679919342442877,0.08679919342442877
2023-01-27,0.4521025846684424,0.36205927145395805,0.09004331321448433,0.09004331321448433
2023-01-30,0.4135427202865787,0.43714269514238846,-0.02359997485580978,0.02359997485580978
2023-01-31,0.3987414437416108,0.3988494561577941,-0.00010801241618330071,0.00010801241618330071
2023-02-01,0.4037769082405709,0.36688056824403875,0.036896339996532135,0.036896339996532135
2023-02-02,0.3594404710751062,0.38334901043890895,-0.023908539363802772,0.023908539363802772
2023-02-03,0.3211037011775254,0.3651016228805097,-0.04399792170298428,0.04399792170298428
2023-02-06,0.3552500309071627,0.3481263739309873,0.0071236569761753965,0.0071236569761753965
2023-02-07,0.291541999788252,0.3200463168997729,-0.028504317111520905,0.028504317111520905
2023-02-08,0.2358854606367196,0.36600127756050743,-0.13011581692378782,0.13011581692378782
2023-02-09,0.2905185919199559,0.39932659932935277,-0.10880800740939689,0.10880800740939689
2023-02-10,0.2917612652335321,0.4451901091276418,-0.1534288438941097,0.1534288438941097
2023-02-13,0.3946538786037323,0.43357426001128296,-0.038920381407550664,0.038920381407550664
2023-02-14,0.3954197968769333,0.4095738391265322,-0.01415404224959893,0.01415404224959893
2023-02-15,0.4019250917389913,0.35713748575122845,0.04478760598776288,0.04478760598776288
2023-02-16,0.3758219717477294,0.4029000656003864,-0.02707809385265697,0.02707809385265697
2023-02-17,0.3764030308129386,0.40820369215090047,-0.03180066133796189,0.03180066133796189
2023-02-21,0.2018081119768204,0.5191441633164275,-0.3173360513396072,0.3173360513396072
2023-02-22,0.2139040717913138,0.5315433734141134,-0.31763930162279963,0.31763930162279963
2023-02-23,0.2302466632113869,0.5052700663660302,-0.27502340315464335,0.27502340315464335
2023-02-24,0.2989940510249427,0.4671083816245237,-0.16811433059958103,0.16811433059958103
2023-02-27,0.2952014560174119,0.43799400889040524,-0.14279255287299336,0.14279255287299336
2023-02-28,0.3807009042631812,0.38404549821846146,-0.0033445939552802506,0.0033445939552802506
2023-03-01,0.3738763345111456,0.3697686276902711,0.004107706820874524,0.004107706820874524
2023-03-02,0.4613961074871676,0.3662337909837891,0.09516231650337847,0.09516231650337847
2023-03-03,0.4492450758514528,0.35523325438993497,0.09401182146151782,0.09401182146151782
2023-03-06,0.4497526929388938,0.3647335908632159,0.08501910207567792,0.08501910207567792
2023-03-07,0.4576689920439619,0.3721493381704821,0.08551965387347976,0.08551965387347976
2023-03-08,0.4704508688179524,0.3576270100763335,0.11282385874161888,0.11282385874161888
2023-03-09,0.4585001179779238,0.5169439639155062,-0.05844384593758245,0.05844384593758245
2023-03-10,0.4330869444753716,0.6902835874976401,-0.25719664302226847,0.25719664302226847
2023-03-13,0.4548132530430105,0.8972897033608839,-0.44247645031787336,0.44247645031787336
2023-03-14,0.4260035740081533,0.8152332107778595,-0.3892296367697062,0.3892296367697062
2023-03-15,0.4884210316091977,0.9635420208546153,-0.47512098924541757,0.47512098924541757
2023-03-16,0.4054796997336871,0.7422467100651204,-0.33676701033143336,0.33676701033143336
2023-03-17,0.3760902327168136,0.7674640341333876,-0.391373801416574,0.391373801416574
2023-03-20,0.3496572900226899,0.5122330867585738,-0.1625757967358839,0.1625757967358839
2023-03-21,0.2845328677503901,0.4586061271215786,-0.1740732593711885,0.1740732593711885
2023-03-22,0.2487538386461779,0.4551397443579756,-0.2063859057117977,0.2063859057117977
2023-03-23,0.2604324807874955,0.5990717744595278,-0.33863929367203227,0.33863929367203227
2023-03-24,0.3341056557568952,0.43691199033551165,-0.10280633457861643,0.10280633457861643
2023-03-27,0.3382001387796631,0.41700889757302245,-0.07880875879335936,0.07880875879335936
2023-03-28,0.3496743815312785,0.47922848853639205,-0.12955410700511355,0.12955410700511355
2023-03-29,0.2710701139853206,0.33722360621764824,-0.06615349223232764,0.06615349223232764
2023-03-30,0.2617461773921009,0.2518247853782674,0.009921392013833463,0.009921392013833463
2023-03-31,0.1303417639063079,0.23885798969237404,-0.10851622578606615,0.10851622578606615
2023-04-03,0.1164227416317297,0.31911434309968567,-0.20269160146795595,0.20269160146795595
2023-04-04,0.0967606984476296,0.4018748185145376,-0.30511412006690797,0.30511412006690797
2023-04-05,0.2270213002457295,0.4284512387964609,-0.2014299385507314,0.2014299385507314
2023-04-06,0.2222687193146461,0.4162047253450046,-0.1939360060303585,0.1939360060303585
2023-04-10,0.2278136279185274,0.38850543624506717,-0.16069180832653976,0.16069180832653976
2023-04-11,0.2282164390820388,0.3660647446178969,-0.13784830553585808,0.13784830553585808
2023-04-12,0.2185363414728452,0.35325234133586464,-0.13471599986301944,0.13471599986301944
2023-04-13,0.1139972726914107,0.2870748690643959,-0.1730775963729852,0.1730775963729852
2023-04-14,0.1100881683806767,0.2684289607687903,-0.1583407923881136,0.1583407923881136
2023-04-17,0.0977569368428334,0.26473278841248105,-0.16697585156964764,0.16697585156964764
2023-04-18,0.2708845344536404,0.26484184646398057,0.006042687989659845,0.006042687989659845
2023-04-19,0.277685461853403,0.20976282315493933,0.06792263869846366,0.06792263869846366
2023-04-20,0.4034182558944716,0.2855501879936785,0.11786806790079313,0.11786806790079313
2023-04-21,0.4237516812504268,0.3072329020703719,0.11651877918005488,0.11651877918005488
2023-04-24,0.4235805547378554,0.34931071253057383,0.07426984220728156,0.07426984220728156
2023-04-25,0.3868324020261083,0.5105295081952493,-0.12369710616914104,0.12369710616914104
2023-04-26,0.3979140848245683,0.5253845903191665,-0.1274705054945982,0.1274705054945982
2023-04-27,0.2773863004841697,0.38742776444147664,-0.11004146395730696,0.11004146395730696
2023-04-28,0.3799574616188786,0.37177809230769143,0.008179369311187179,0.008179369311187179
2023-05-01,0.3799757468883056,0.34581417774364515,0.03416156914466045,0.03416156914466045
2023-05-02,0.3398021781158204,0.3377140149743848,0.002088163141435617,0.002088163141435617
2023-05-03,0.3287561259614409,0.38907664339862746,-0.06032051743718658,0.06032051743718658
2023-05-04,0.3091602583704546,0.5569576187698605,-0.24779736039940592,0.24779736039940592
2023-05-05,0.1084605530005135,0.4640867692893727,-0.3556262162888592,0.3556262162888592
2023-05-08,0.1179448723818833,0.45559524160803927,-0.337650369226156,0.337650369226156
2023-05-09,0.1375426851959255,0.39170565300617544,-0.25416296781024994,0.25416296781024994
2023-05-10,0.2215524612891175,0.3627747705058735,-0.14122230921675596,0.14122230921675596
2023-05-11,0.2657616649613597,0.2760031869377698,-0.010241521976410095,0.010241521976410095
2023-05-12,0.2655638287823316,0.34460853171813327,-0.07904470293580168,0.07904470293580168
2023-05-15,0.261402791674423,0.36416625467899455,-0.10276346300457156,0.10276346300457156
2023-05-16,0.3001848642007668,0.360267535012299,-0.060082670811532235,0.060082670811532235
2023-05-17,0.2617187198512536,0.28983764741929213,-0.02811892756803852,0.02811892756803852
2023-05-18,0.2557069886623892,0.2258633743969356,0.029843614265453622,0.029843614265453622
2023-05-19,0.3274365872079059,0.2368215027685397,0.09061508443936622,0.09061508443936622
2023-05-22,0.3274274432115659,0.2471983241881212,0.0802291190234447,0.0802291190234447
2023-05-23,0.2908170412083443,0.31947543671319634,-0.028658395504852052,0.028658395504852052
2023-05-24,0.308561525358801,0.38658044919510537,-0.07801892383630438,0.07801892383630438
2023-05-25,0.3584990875990205,0.3649205835818731,-0.006421495982852632,0.006421495982852632
2023-05-26,0.2952608326586322,0.31886361519518464,-0.023602782536552458,0.023602782536552458
2023-05-30,0.297610285899704,0.326864902563067,-0.029254616663362987,0.029254616663362987
2023-05-31,0.2877264512291435,0.3288328270077843,-0.04110637577864085,0.04110637577864085
2023-06-01,0.2610470677183176,0.2808891449646959,-0.01984207724637832,0.01984207724637832
2023-06-02,0.1265157458813292,0.264911526051099,-0.13839578016976983,0.13839578016976983
2023-06-05,0.1915323385253723,0.32708277760295684,-0.13555043907758454,0.13555043907758454
2023-06-06,0.2175304940256494,0.2801710231316688,-0.06264052910601942,0.06264052910601942
2023-06-07,0.2093148033175672,0.23897267875934652,-0.029657875441779336,0.029657875441779336
2023-06-08,0.2667283742173441,0.22524524492118453,0.04148312929615955,0.04148312929615955
2023-06-09,0.2724369509377755,0.28186677065351107,-0.009429819715735588,0.009429819715735588
2023-06-12,0.2412611691017165,0.27926133101127515,-0.038000161909558655,0.038000161909558655
2023-06-13,0.2305404110946163,0.26920138027929935,-0.038660969184683064,0.038660969184683064
2023-06-14,0.2375646219570266,0.23106368281176587,0.006500939145260731,0.006500939145260731
2023-06-15,0.1854974523666651,0.2511570066106895,-0.06565955424402442,0.06565955424402442
2023-06-16,0.1899882826886008,0.24565315466230592,-0.05566487197370512,0.05566487197370512
2023-06-20,0.2512264353819531,0.24677881150805708,0.004447623873896023,0.004447623873896023
2023-06-21,0.2370158497802312,0.28545594751071507,-0.048440097730483855,0.048440097730483855
2023-06-22,0.2402915931469354,0.27508244601964144,-0.03479085287270603,0.03479085287270603
2023-06-23,0.2834033645190604,0.29522007181725207,-0.011816707298191675,0.011816707298191675
2023-06-26,0.2748936415224543,0.36181780233591365,-0.08692416081345933,0.08692416081345933
2023-06-27,0.2094003118813908,0.30338042766422824,-0.09398011578283744,0.09398011578283744
2023-06-28,0.2444590374936283,0.3067201662097059,-0.062261128716077585,0.062261128716077585
2023-06-29,0.2383573578650839,0.29259436038071746,-0.05423700251563354,0.05423700251563354
2023-06-30,0.1442061786084749,0.24806420891328354,-0.10385803030480864,0.10385803030480864
2023-07-03,0.1784067817128242,0.20662213569551238,-0.02821535398268818,0.02821535398268818
2023-07-05,0.211163379539469,0.26773234220939424,-0.05656896266992523,0.05656896266992523
2023-07-06,0.2158104919504974,0.29870493464406755,-0.08289444269357016,0.08289444269357016
2023-07-07,0.211575522622253,0.3548869213057554,-0.1433113986835024,0.1433113986835024
2023-07-10,0.216889976337097,0.3834353598203466,-0.1665453834832496,0.1665453834832496
2023-07-11,0.2198584420605491,0.3789775938555782,-0.1591191517950291,0.1591191517950291
2023-07-12,0.1897266459707485,0.36391810232521377,-0.17419145635446526,0.17419145635446526
2023-07-13,0.1721977240411645,0.3751886493506862,-0.20299092530952167,0.20299092530952167
2023-07-14,0.1715045707321099,0.3220084143764847,-0.1505038436443748,0.1505038436443748
2023-07-17,0.1725313612859194,0.27881508146919093,-0.10628372018327154,0.10628372018327154
2023-07-18,0.1381411136760464,0.2900450215126008,-0.1519039078365544,0.1519039078365544
2023-07-19,0.1330088724462672,0.26709813700632346,-0.13408926456005626,0.13408926456005626
2023-07-20,0.1287515304639494,0.24417090510023454,-0.11541937463628513,0.11541937463628513
2023-07-21,0.2022327078205618,0.2693352694767226,-0.0671025616561608,0.0671025616561608
2023-07-24,0.1932778671759208,0.27666563796174504,-0.08338777078582424,0.08338777078582424
2023-07-25,0.1927695745400306,0.27488433201539403,-0.08211475747536343,0.08211475747536343
2023-07-26,0.293423105413733,0.271315688021278,0.02210741739245503,0.02210741739245503
2023-07-27,0.2779718569573342,0.28882236897034497,-0.010850512013010793,0.010850512013010793
2023-07-28,0.2450247764487629,0.28258506970282665,-0.037560293254063765,0.037560293254063765
2023-07-31,0.282545476535388,0.28072945687290946,0.0018160196624785185,0.0018160196624785185
2023-08-01,0.2872982887607486,0.2960344458066241,-0.008736157045875492,0.008736157045875492
2023-08-02,0.2148737682484334,0.38945482105397183,-0.17458105280553843,0.17458105280553843
2023-08-03,0.2110600948934226,0.39396300781250476,-0.18290291291908217,0.18290291291908217
2023-08-04,0.1942128170596887,0.457811621359838,-0.26359880430014926,0.26359880430014926
2023-08-07,0.160206770961904,0.43752574162724556,-0.27731897066534156,0.27731897066534156
2023-08-08,0.2348999266655932,0.4490579252826199,-0.2141579986170267,0.2141579986170267
2023-08-09,0.2389544771074946,0.3967649585418854,-0.15781048143439083,0.15781048143439083
2023-08-10,0.268683647235171,0.38035723534860566,-0.11167358811343464,0.11167358811343464
2023-08-11,0.268156396175782,0.2922786829759262,-0.024122286800144166,0.024122286800144166
2023-08-14,0.2747117443647735,0.2705626663002537,0.004149078064519807,0.004149078064519807
2023-08-15,0.2083293152252235,0.3384349633399634,-0.13010564811473993,0.13010564811473993
2023-08-16,0.243539616203085,0.35100410345031097,-0.10746448724722596,0.10746448724722596
2023-08-17,0.3007788594008033,0.3966772439396272,-0.09589838453882393,0.09589838453882393
2023-08-18,0.318997672849291,0.4138677500066102,-0.09487007715731921,0.09487007715731921
2023-08-21,0.3158224404414812,0.409606253971117,-0.09378381352963577,0.09378381352963577
2023-08-22,0.3874003080348898,0.3599154307408147,0.02748487729407506,0.02748487729407506
2023-08-23,0.3512295906668177,0.34255458847576575,0.00867500219105194,0.00867500219105194
2023-08-24,0.2788225987168803,0.36548050081898736,-0.08665790210210705,0.08665790210210705
2023-08-25,0.2593436446069727,0.316458054614679,-0.05711441000770634,0.05711441000770634
2023-08-28,0.2487621304032081,0.320729175108988,-0.07196704470577991,0.07196704470577991
2023-08-29,0.1480943132355192,0.3337886834190961,-0.18569437018357693,0.18569437018357693
2023-08-30,0.1443972637943051,0.3175145379494483,-0.1731172741551432,0.1731172741551432
2023-08-31,0.1439410302416553,0.3051806470648106,-0.16123961682315527,0.16123961682315527
2023-09-01,0.1766931458386124,0.32440503494293604,-0.14771188910432365,0.14771188910432365
2023-09-05,0.1870594842025076,0.3331743528537943,-0.14611486865128673,0.14611486865128673
2023-09-06,0.1518070909830072,0.32789215030336955,-0.17608505932036234,0.17608505932036234
2023-09-07,0.1954388449346847,0.36181123793164277,-0.16637239299695808,0.16637239299695808
2023-09-08,0.2745938045885416,0.3015949843174139,-0.027001179728872282,0.027001179728872282
2023-09-11,0.2534108728275792,0.29655331044573385,-0.04314243761815467,0.04314243761815467
2023-09-12,0.2390882897687142,0.32010704764646986,-0.08101875787775564,0.08101875787775564
2023-09-13,0.2814747675380846,0.29635549526671606,-0.014880727728631471,0.014880727728631471
2023-09-14,0.3610872106318805,0.24176606203296458,0.1193211485989159,0.1193211485989159
2023-09-15,0.3065900755190144,0.3122827462606426,-0.005692670741628214,0.005692670741628214
2023-09-18,0.31293577773541,0.30169642686283266,0.011239350872577325,0.011239350872577325
2023-09-19,0.3902408977493208,0.29966742868800944,0.09057346906131136,0.09057346906131136
2023-09-20,0.3603447849244128,0.3241397665748381,0.03620501834957468,0.03620501834957468
2023-09-21,0.2638837160877233,0.44533293264166396,-0.18144921655394064,0.18144921655394064
2023-09-22,0.2648746986022317,0.4298348391751984,-0.1649601405729667,0.1649601405729667
2023-09-25,0.257095022094245,0.432865868392093,-0.175770846297848,0.175770846297848
2023-09-26,0.2425602846174097,0.5229649192280467,-0.28040463461063697,0.28040463461063697
2023-09-27,0.2743402680607981,0.494987120738687,-0.22064685267788892,0.22064685267788892
2023-09-28,0.2588270073732843,0.4298470859282648,-0.17102007855498053,0.17102007855498053
2023-09-29,0.316073159126454,0.4335757051137102,-0.11750254598725618,0.11750254598725618
2023-10-02,0.3314391356771909,0.4058555081424187,-0.07441637246522781,0.07441637246522781
2023-10-03,0.2615073381720576,0.42709495623122196,-0.16558761805916433,0.16558761805916433
2023-10-04,0.237845007053034,0.447666258143185,-0.209821251090151,0.209821251090151
2023-10-05,0.2569731997448167,0.43150006916927663,-0.17452686942445994,0.17452686942445994
2023-10-06,0.1940333281709215,0.384314949756323,-0.19028162158540152,0.19028162158540152
2023-10-09,0.2359776250441972,0.4039955939450971,-0.1680179689008999,0.1680179689008999
2023-10-10,0.2211070134930506,0.3679228073138836,-0.146815793820833,0.146815793820833
2023-10-11,0.3002089659094836,0.3179207750282382,-0.017711809118754585,0.017711809118754585
2023-10-12,0.3138787962223165,0.32249748013731006,-0.008618683914993541,0.008618683914993541
2023-10-13,0.3640918496998441,0.41284058099116,-0.048748731291315905,0.048748731291315905
2023-10-16,0.3244877176221642,0.36651344177753487,-0.04202572415537065,0.04202572415537065
2023-10-17,0.3442342548113208,0.3118739846130716,0.03236027019824922,0.03236027019824922
2023-10-18,0.3538442743979625,0.41561310130821844,-0.061768826910255925,0.061768826910255925
2023-10-19,0.3776524696775942,0.4980680362188896,-0.12041556654129543,0.12041556654129543
2023-10-20,0.3286847644364429,0.5201539842853047,-0.19146921984886178,0.19146921984886178
2023-10-23,0.3784624051141275,0.5226693704878477,-0.1442069653737202,0.1442069653737202
2023-10-24,0.3748646957116605,0.5043134279789336,-0.12944873226727316,0.12944873226727316
2023-10-25,0.3398214668758794,0.5111039245863074,-0.171282457710428,0.171282457710428
2023-10-26,0.4095556181959706,0.5013135071304748,-0.09175788893450426,0.09175788893450426
2023-10-27,0.4288715709840792,0.4886697284190707,-0.059798157434991506,0.059798157434991506
2023-10-30,0.3857286110327977,0.4420862390024013,-0.056357627969603585,0.056357627969603585
2023-10-31,0.3745883195197426,0.40657649967408604,-0.03198818015434346,0.03198818015434346
2023-11-01,0.3362222474717286,0.3805464526485105,-0.04432420517678193,0.04432420517678193
2023-11-02,0.2041722299015655,0.2997875602565405,-0.09561533035497502,0.09561533035497502
2023-11-03,0.2831361520511519,0.2896708504306055,-0.006534698379453585,0.006534698379453585
2023-11-06,0.2820801875709456,0.2975623140714815,-0.015482126500535875,0.015482126500535875
2023-11-07,0.4092850450477831,0.3234805465799479,0.08580449846783522,0.08580449846783522
2023-11-08,0.4097581634452419,0.2718404282082021,0.13791773523703982,0.13791773523703982
2023-11-09,0.3894305765093672,0.3180188375146377,0.07141173899472947,0.07141173899472947
2023-11-10,0.3025892219255005,0.23615558589693497,0.0664336360285655,0.0664336360285655
2023-11-13,0.324108691195574,0.28959550539366075,0.03451318580191326,0.03451318580191326
2023-11-14,0.1269084652308287,0.31794079564123995,-0.19103233041041126,0.19103233041041126
2023-11-15,0.1400117777411932,0.32271252006333784,-0.18270074232214464,0.18270074232214464
2023-11-16,0.139055374952089,0.33691389158471163,-0.19785851663262263,0.19785851663262263
2023-11-17,0.1410211801707128,0.3377730439762156,-0.1967518638055028,0.1967518638055028
2023-11-20,0.0804142596128667,0.2986350835960513,-0.2182208239831846,0.2182208239831846
2023-11-21,0.0752395655823413,0.2794982476677295,-0.20425868208538822,0.20425868208538822
2023-11-22,0.0715308050462187,0.2819495223476304,-0.21041871730141168,0.21041871730141168
2023-11-24,0.1169199848583214,0.24201247283180244,-0.12509248797348105,0.12509248797348105
2023-11-27,0.1418362158390766,0.28094185042147707,-0.13910563458240047,0.13910563458240047
2023-11-28,0.1412702620215113,0.3239158364403096,-0.18264557441879828,0.18264557441879828
2023-11-29,0.1535952279189736,0.3062587143309462,-0.1526634864119726,0.1526634864119726
2023-11-30,0.1893936981050894,0.29875696776307376,-0.10936326965798435,0.10936326965798435
2023-12-01,0.1773021648066167,0.3406435095460758,-0.1633413447394591,0.1633413447394591
2023-12-04,0.1670049924949475,0.32451301134331784,-0.15750801884837035,0.15750801884837035
2023-12-05,0.1819761926655876,0.29426357567446104,-0.11228738300887345,0.11228738300887345
2023-12-06,0.2749193250637328,0.2616410047293939,0.0132783203343389,0.0132783203343389
2023-12-07,0.2479280268893812,0.2881785433039445,-0.04025051641456329,0.04025051641456329
2023-12-08,0.2392912864468776,0.20668875102249437,0.03260253542438324,0.03260253542438324
2023-12-11,0.2419469615226593,0.21907369971689425,0.022873261805765044,0.022873261805765044
2023-12-12,0.2487044791109323,0.18465599445900335,0.06404848465192894,0.06404848465192894
2023-12-13,0.2658486752600651,0.2619031950706445,0.0039454801894205915,0.0039454801894205915
2023-12-14,0.3088428744808707,0.2889545890755375,0.019888285405333217,0.019888285405333217
2023-12-15,0.3099609401949626,0.31219015264415007,-0.0022292124491874454,0.0022292124491874454
2023-12-18,0.3089096882455068,0.3082353252007071,0.0006743630447996751,0.0006743630447996751
2023-12-19,0.2954965610026108,0.32385081245281006,-0.028354251450199264,0.028354251450199264
2023-12-20,0.1794596960962959,0.3486342365093739,-0.16917454041307803,0.16917454041307803
2023-12-21,0.0880636136084963,0.31532203864525393,-0.22725842503675764,0.22725842503675764
2023-12-22,0.1232170403986082,0.3417569112698325,-0.21853987087122428,0.21853987087122428
2023-12-26,0.1643578681462089,0.34141929798048065,-0.17706142983427176,0.17706142983427176
2023-12-27,0.1716706140202822,0.34271630240277273,-0.17104568838249054,0.17104568838249054
2023-12-28,0.1739962307891409,0.2762107169340017,-0.10221448614486078,0.10221448614486078
2023-12-29,0.278855949259721,0.2978768957273408,-0.01902094646761976,0.01902094646761976
2024-01-02,0.2649364002796736,0.24393986050902366,0.020996539770649914,0.020996539770649914
2024-01-03,0.2488191840798083,0.2762812129836659,-0.027462028903857627,0.027462028903857627
2024-01-04,0.2430069085915653,0.26461908114098154,-0.021612172549416248,0.021612172549416248
2024-01-05,0.2415698158184293,0.2293999088857558,0.012169906932673502,0.012169906932673502
2024-01-08,0.1112329771364432,0.2131749623148434,-0.1019419851784002,0.1019419851784002
2024-01-09,0.140772546033302,0.21970346753163547,-0.07893092149833347,0.07893092149833347
2024-01-10,0.1764658258005201,0.18945855691467745,-0.012992731114157358,0.012992731114157358
2024-01-11,0.2622404972183035,0.20571143130288677,0.05652906591541673,0.05652906591541673
2024-01-12,0.2642702511599896,0.2309220612526403,0.03334818990734928,0.03334818990734928
2024-01-16,0.2616515433060579,0.2550065258451359,0.006645017460921998,0.006645017460921998
2024-01-17,0.2462360379719492,0.2755394792678449,-0.029303441295895682,0.029303441295895682
2024-01-18,0.2195475301655612,0.2538118780721079,-0.03426434790654673,0.03426434790654673
2024-01-19,0.1027852042345511,0.2129366436995,-0.11015143946494889,0.11015143946494889
2024-01-22,0.1537418027307022,0.2029573268738868,-0.049215524143184586,0.049215524143184586
2024-01-23,0.1469118178786561,0.17660587861715576,-0.029694060738499672,0.029694060738499672
2024-01-24,0.2963994845027309,0.17820904873013205,0.11819043577259886,0.11819043577259886
2024-01-25,0.3460714714851722,0.19998149672736942,0.14608997475780278,0.14608997475780278
2024-01-26,0.3848658134107063,0.219752120034574,0.1651136933761323,0.1651136933761323
2024-01-29,0.369331788985379,0.22207513912384808,0.14725664986153092,0.14725664986153092
2024-01-30,0.3710216829757981,0.22068195397135054,0.15033972900444753,0.15033972900444753
2024-01-31,0.2969809463416951,0.30546076602166683,-0.008479819679971745,0.008479819679971745
2024-02-01,0.2223293848635996,0.281826909420721,-0.05949752455712137,0.05949752455712137
2024-02-02,0.170965691626038,0.25507187362116224,-0.08410618199512424,0.08410618199512424
2024-02-05,0.1639807272635637,0.24717992168678377,-0.08319919442322007,0.08319919442322007
2024-02-06,0.2707775717191049,0.2474593563110592,0.023318215408045684,0.023318215408045684
2024-02-07,0.2815155703064648,0.19207184821202355,0.08944372209444124,0.08944372209444124
2024-02-08,0.296072918751059,0.19042205201751872,0.1056508667335403,0.1056508667335403
2024-02-09,0.2919577968802087,0.2125341036236887,0.07942369325651996,0.07942369325651996
2024-02-12,0.306847121176934,0.2513709025550019,0.05547621862193214,0.05547621862193214
2024-02-13,0.2162972074152531,0.30558985859750876,-0.08929265118225566,0.08929265118225566
2024-02-14,0.3660387416041312,0.2629368800816668,0.10310186152246437,0.10310186152246437
2024-02-15,0.3542946671084199,0.2500502014334057,0.10424446567501416,0.10424446567501416
2024-02-16,0.3511545678794233,0.25864810614230527,0.09250646173711802,0.09250646173711802
2024-02-20,0.3389675521157282,0.28436699604709503,0.05460055606863318,0.05460055606863318
2024-02-21,0.3393975835790432,0.26909386695861176,0.07030371662043144,0.07030371662043144
2024-02-22,0.1092643188100779,0.2544695399226478,-0.1452052211125699,0.1452052211125699
2024-02-23,0.1671504398346492,0.2639823943927819,-0.09683195455813273,0.09683195455813273
2024-02-26,0.157070857295782,0.26816010119335393,-0.11108924389757194,0.11108924389757194
2024-02-27,0.2244784357614909,0.23230601016972074,-0.007827574408229843,0.007827574408229843
2024-02-28,0.23732509515737,0.2416378002803251,-0.004312705122955118,0.004312705122955118
2024-02-29,0.2755930723895163,0.2513016652188591,0.024291407170657198,0.024291407170657198
2024-03-01,0.2659543028406128,0.2506493397635579,0.015304963077054867,0.015304963077054867
2024-03-04,0.2658762163458264,0.2533447695515981,0.012531446794228296,0.012531446794228296
2024-03-05,0.2747884846787756,0.3136123921524104,-0.03882390747363479,0.03882390747363479
2024-03-06,0.2642296259148884,0.29165791542006675,-0.027428289505178338,0.027428289505178338
2024-03-07,0.2131141399494572,0.2652030188975598,-0.05208887894810263,0.05208887894810263
2024-03-08,0.2127592686731838,0.2928827455210602,-0.08012347684787641,0.08012347684787641
2024-03-11,0.2344031636259484,0.2994015171084258,-0.06499835348247737,0.06499835348247737
2024-03-12,0.1779648937369269,0.22925761408360773,-0.05129272034668084,0.05129272034668084
2024-03-13,0.2248092923778596,0.23375584913963782,-0.008946556761778218,0.008946556761778218
2024-03-14,0.2260250155917438,0.24084634121832496,-0.014821325626581172,0.014821325626581172
2024-03-15,0.2022953921626863,0.2371091417488111,-0.03481374958612479,0.03481374958612479
2024-03-18,0.1824455056883994,0.2200562826453453,-0.037610776956945896,0.037610776956945896
2024-03-19,0.1651375127373494,0.23215070027888468,-0.06701318754153529,0.06701318754153529
2024-03-20,0.1614854734361588,0.22085512049428252,-0.059369647058123726,0.059369647058123726
2024-03-21,0.1541428716069019,0.21156489458550842,-0.05742202297860652,0.05742202297860652
2024-03-22,0.1558447860348,0.21493709864700333,-0.059092312612203324,0.059092312612203324
2024-03-25,0.1876983206269779,0.23467208991747102,-0.04697376929049313,0.04697376929049313
2024-03-26,0.1831648412470243,0.23085763527682493,-0.04769279402980062,0.04769279402980062
2024-03-27,0.2318523377876487,0.2200589984037537,0.011793339383894985,0.011793339383894985
2024-03-28,0.290077840915727,0.22715838198143556,0.06291945893429146,0.06291945893429146
2024-04-01,0.2883691378842264,0.21214704582946403,0.07622209205476238,0.07622209205476238
2024-04-02,0.26529318249175,0.2432226138300704,0.022070568661679585,0.022070568661679585
2024-04-03,0.3046855319617137,0.23359469295278007,0.07109083900893365,0.07109083900893365
2024-04-04,0.2605397590202753,0.30892007230539525,-0.048380313285119936,0.048380313285119936
2024-04-05,0.3021896395809771,0.29354375368469926,0.00864588589627785,0.00864588589627785
2024-04-08,0.3579702796292046,0.29131495018522446,0.06665532944398012,0.06665532944398012
2024-04-09,0.3587268739469484,0.2713821747173836,0.08734469922956484,0.08734469922956484
2024-04-10,0.3382336356664109,0.2820283021339056,0.056205333532505286,0.056205333532505286
2024-04-11,0.3190134914837061,0.217497850854173,0.10151564062953311,0.10151564062953311
2024-04-12,0.2590957087689532,0.3294637770326629,-0.07036806826370967,0.07036806826370967
2024-04-15,0.2220713544438004,0.3923102622619252,-0.1702389078181248,0.1702389078181248
2024-04-16,0.2896465980066295,0.371136097347303,-0.08148949934067351,0.08148949934067351
2024-04-17,0.274658126153484,0.3934366837950607,-0.11877855764157669,0.11877855764157669
2024-04-18,0.2819710572486273,0.38414708170142303,-0.10217602445279572,0.10217602445279572
2024-04-19,0.2932661766879921,0.3533726701885448,-0.06010649350055269,0.06010649350055269
2024-04-22,0.2636251100219239,0.3013121613823053,-0.03768705136038142,0.03768705136038142
2024-04-23,0.3117742083596886,0.29255477831774374,0.019219430041944874,0.019219430041944874
2024-04-24,0.3165062538635732,0.28113545677227547,0.0353707970912977,0.0353707970912977
2024-04-25,0.3401216259296593,0.2718534938502368,0.06826813207942245,0.06826813207942245
2024-04-26,0.3590592437583267,0.2255808412127546,0.1334784025455721,0.1334784025455721
2024-04-29,0.3911280652638607,0.23177890934469547,0.1593491559191652,0.1593491559191652
2024-04-30,0.3001381639853643,0.29804301907708725,0.002095144908277058,0.002095144908277058
2024-05-01,0.2951244554300404,0.302326708857974,-0.007202253427933625,0.007202253427933625
2024-05-02,0.269792407677536,0.29566688767412286,-0.025874479996586874,0.025874479996586874
2024-05-03,0.1850193099732871,0.2761833500702727,-0.09116404009698562,0.09116404009698562
2024-05-06,0.0874723398229487,0.26937939756264484,-0.18190705773969612,0.18190705773969612
2024-05-07,0.11430921991569,0.25012367969414595,-0.13581445977845596,0.13581445977845596
2024-05-08,0.2173849370116118,0.23210850177454248,-0.014723564762930685,0.014723564762930685
2024-05-09,0.2045786624363807,0.22126605915861922,-0.016687396722238512,0.016687396722238512
2024-05-10,0.2037388085811006,0.21784663889385614,-0.014107830312755532,0.014107830312755532
2024-05-13,0.204221133635708,0.2499718576729205,-0.045750724037212476,0.045750724037212476
2024-05-14,0.1934172660542432,0.21785192073329854,-0.02443465467905534,0.02443465467905534
2024-05-15,0.0712105674715933,0.1977634533020018,-0.1265528858304085,0.1265528858304085
2024-05-16,0.1334415970064412,0.20627933152930938,-0.07283773452286818,0.07283773452286818
2024-05-17,0.1724258387599124,0.1924905580880729,-0.02006471932816048,0.02006471932816048
2024-05-20,0.1718570023168309,0.1729253877131273,-0.0010683853962963896,0.0010683853962963896
2024-05-21,0.2043034833609684,0.16745696113467154,0.03684652222629686,0.03684652222629686
2024-05-22,0.2212242719616515,0.184199131205361,0.037025140756290514,0.037025140756290514
2024-05-23,0.2263216232460801,0.2136100449133038,0.012711578332776308,0.012711578332776308
2024-05-24,0.1981653484026221,0.19890327970303018,-0.0007379313004080845,0.0007379313004080845
2024-05-28,0.1995549687387418,0.2112192226943538,-0.01166425395561202,0.01166425395561202
2024-05-29,0.2469851447507522,0.25838700871585196,-0.011401863965099762,0.011401863965099762
2024-05-30,0.227949853603921,0.26408188707812286,-0.03613203347420185,0.03613203347420185
2024-05-31,0.1901672920318516,0.23007869866767602,-0.03991140663582443,0.03991140663582443
2024-06-03,0.1937119308386378,0.25589700214093175,-0.06218507130229395,0.06218507130229395
2024-06-04,0.1969830341107774,0.2613692542460211,-0.0643862201352437,0.0643862201352437
2024-06-05,0.1480317561604471,0.2401023279725626,-0.0920705718121155,0.0920705718121155
2024-06-06,0.1525953560715317,0.2311558327646861,-0.07856047669315439,0.07856047669315439
2024-06-07,0.1516926171068778,0.21463655799994785,-0.06294394089307007,0.06294394089307007
2024-06-10,0.189807819190546,0.19995191434391724,-0.010144095153371224,0.010144095153371224
2024-06-11,0.1891526558703233,0.2040850901217081,-0.014932434251384824,0.014932434251384824
2024-06-12,0.1390024013565197,0.18896489305107259,-0.049962491694552885,0.049962491694552885
2024-06-13,0.136218913179907,0.18385815321577711,-0.04763924003587011,0.04763924003587011
2024-06-14,0.1445385000990704,0.2235582166711563,-0.0790197165720859,0.0790197165720859
2024-06-17,0.1004232497984339,0.2072098130462589,-0.10678656324782501,0.10678656324782501
2024-06-18,0.09544063160823,0.2009686089997825,-0.1055279773915525,0.1055279773915525
2024-06-20,0.0877736666427761,0.21717716196094472,-0.12940349531816864,0.12940349531816864
2024-06-21,0.1063384425363793,0.21595824348335593,-0.10961980094697664,0.10961980094697664
2024-06-24,0.1035962020216193,0.21513000339211646,-0.11153380137049716,0.11153380137049716
2024-06-25,0.128299758034269,0.22091010845426762,-0.09261035041999863,0.09261035041999863
2024-06-26,0.1493996320412405,0.20129594787095756,-0.05189631582971707,0.05189631582971707
2024-06-27,0.1719131048157797,0.18016657280538384,-0.008253467989604135,0.008253467989604135
2024-06-28,0.1599835678017531,0.1885772418450217,-0.028593674043268597,0.028593674043268597
2024-07-01,0.1547056752880847,0.16442217345452925,-0.009716498166444543,0.009716498166444543
2024-07-02,0.2007858472398724,0.154792818249806,0.04599302899006638,0.04599302899006638
2024-07-03,0.2309882105047309,0.17400026258650456,0.05698794791822634,0.05698794791822634
2024-07-05,0.2313926933551746,0.19153139057087396,0.03986130278430064,0.03986130278430064
2024-07-08,0.2351371889101288,0.1879344815414818,0.04720270736864701,0.04720270736864701
2024-07-09,0.2556824941030173,0.19871924509073538,0.05696324901228192,0.05696324901228192
2024-07-10,0.2982468320581242,0.20293427941997239,0.0953125526381518,0.0953125526381518
2024-07-11,0.291455635595429,0.25775428769411945,0.03370134790130952,0.03370134790130952
2024-07-12,0.3004305345582799,0.22771454135336464,0.07271599320491526,0.07271599320491526
2024-07-15,0.3424726694590182,0.2330139535561478,0.10945871590287043,0.10945871590287043
2024-07-16,0.328143155426112,0.23500849670134874,0.09313465872476326,0.09313465872476326
2024-07-17,0.4431043601521331,0.318934302141307,0.12417005801082609,0.12417005801082609
2024-07-18,0.4330395783984721,0.3292990701065877,0.10374050829188441,0.10374050829188441
2024-07-19,0.4530325213344436,0.35087061451861506,0.10216190681582854,0.10216190681582854
2024-07-22,0.4199629456365056,0.3086592454772558,0.11130370015924979,0.11130370015924979
2024-07-23,0.4265993616947249,0.31703817990371824,0.10956118179100666,0.10956118179100666
2024-07-24,0.3250082719988819,0.4092211319186856,-0.0842128599198037,0.0842128599198037
2024-07-25,0.3831971258639716,0.40656857584069267,-0.02337144997672108,0.02337144997672108
2024-07-26,0.4504724164008397,0.35887028205964616,0.09160213434119352,0.09160213434119352
2024-07-29,0.6603496970036413,0.38356840917948193,0.2767812878241594,0.2767812878241594
2024-07-30,0.6756998015637098,0.39912776245262993,0.27657203911107986,0.27657203911107986
2024-07-31,0.640222852270229,0.3186380587483532,0.3215847935218758,0.3215847935218758
2024-08-01,0.7019682548430204,0.40484936877010236,0.29711888607291803,0.29711888607291803
2024-08-02,0.6414770356794076,0.5865146390656537,0.054962396613753906,0.054962396613753906
2024-08-05,0.4221260113227241,0.9381461905373506,-0.5160201792146265,0.5160201792146265
2024-08-06,0.4709480934956366,0.758374905379376,-0.2874268118837394,0.2874268118837394
2024-08-07,0.4585511605157643,0.7237696247916905,-0.2652184642759262,0.2652184642759262
2024-08-08,0.3795182391839999,0.5840212471874902,-0.20450300800349025,0.20450300800349025
2024-08-09,0.3735715610067575,0.4162391426121338,-0.042667581605376315,0.042667581605376315
2024-08-12,0.4039126868773356,0.255484965238281,0.1484277216390546,0.1484277216390546
2024-08-13,0.3062659405003474,0.318158817022274,-0.01189287652192661,0.01189287652192661
2024-08-14,0.3076343043162514,0.26208867284100723,0.04554563147524415,0.04554563147524415
2024-08-15,0.2244560239490063,0.25566816547399607,-0.031212141524989773,0.031212141524989773
2024-08-16,0.2867718058996249,0.2692135041467982,0.017558301752826744,0.017558301752826744
2024-08-19,0.2473098587064612,0.17509808320023984,0.07221177550622135,0.07221177550622135
2024-08-20,0.2465926116221423,0.24645410281990549,0.00013850880223681417,0.00013850880223681417
2024-08-21,0.2556386885183607,0.2638017889063925,-0.008163100388031808,0.008163100388031808
2024-08-22,0.2122782280617468,0.33340402864044455,-0.12112580057869776,0.12112580057869776
2024-08-23,0.193966989750159,0.2996090469001047,-0.1056420571499457,0.1056420571499457
2024-08-26,0.3876567738954509,0.3202872308269773,0.06736954306847359,0.06736954306847359
2024-08-27,0.3876669940523371,0.2766959983789324,0.11097099567340474,0.11097099567340474
2024-08-28,0.3788592031539836,0.3132701656721632,0.06558903748182038,0.06558903748182038
2024-08-29,0.4689616818293301,0.259079451692539,0.20988223013679114,0.20988223013679114
2024-08-30,0.4774056807622299,0.23913652379041084,0.23826915697181905,0.23826915697181905
2024-09-03,0.3431704488019518,0.41715307625022147,-0.07398262744826967,0.07398262744826967
2024-09-04,0.3814162750995911,0.45585488967636933,-0.07443861457677825,0.07443861457677825
2024-09-05,0.3965197979167125,0.41880626754295913,-0.02228646962624664,0.02228646962624664
2024-09-06,0.2969281754406695,0.5200669216567688,-0.2231387462160993,0.2231387462160993
2024-09-09,0.2348577960854716,0.4669779426801206,-0.232120146594649,0.232120146594649
2024-09-10,0.2239579089124662,0.38584372925214677,-0.16188582033968058,0.16188582033968058
2024-09-11,0.15465047242747,0.33057239807426053,-0.17592192564679054,0.17592192564679054
2024-09-12,0.2850964009184427,0.3135566052646862,-0.028460204346243523,0.028460204346243523
2024-09-13,0.2736816299002618,0.2562039438402713,0.017477686059990505,0.017477686059990505
2024-09-16,0.2765635308478741,0.2994678509968554,-0.022904320148981305,0.022904320148981305
2024-09-17,0.2793829235612138,0.273026096395443,0.006356827165770795,0.006356827165770795
2024-09-18,0.2771446682329452,0.3117358473056762,-0.034591179072731015,0.034591179072731015
2024-09-19,0.0974049453609623,0.27822956830523804,-0.18082462294427576,0.18082462294427576
2024-09-20,0.0945132612331261,0.251254489554381,-0.15674122832125492,0.15674122832125492
2024-09-23,0.1070206898311275,0.2271697315604671,-0.1201490417293396,0.1201490417293396
2024-09-24,0.1788380459845548,0.22182885433686012,-0.042990808352305315,0.042990808352305315
2024-09-25,0.1763896853208535,0.21282407491924388,-0.036434389598390376,0.036434389598390376
2024-09-26,0.1665330748960151,0.224102332912147,-0.05756925801613191,0.05756925801613191
2024-09-27,0.2177934058071489,0.2600174328507692,-0.04222402704362033,0.04222402704362033
2024-09-30,0.2575089746746704,0.252282428758271,0.005226545916399372,0.005226545916399372
2024-10-01,0.2600531807536659,0.3363603067378031,-0.07630712598413719,0.07630712598413719
2024-10-02,0.283344270347436,0.33325074514956815,-0.04990647480213217,0.04990647480213217
2024-10-03,0.283993782702888,0.3349790754850834,-0.05098529278219538,0.05098529278219538
2024-10-04,0.2640633231592929,0.2700085965399804,-0.00594527338068751,0.00594527338068751
2024-10-07,0.2473958626176357,0.37065786663262845,-0.12326200401499277,0.12326200401499277
2024-10-08,0.2290778261348753,0.3142703505460487,-0.08519252441117339,0.08519252441117339
2024-10-09,0.2128544322280431,0.3024391208681747,-0.08958468864013161,0.08958468864013161
2024-10-10,0.2103146992109228,0.3032281370308785,-0.09291343781995567,0.09291343781995567
2024-10-11,0.1975286586592621,0.3347349370988957,-0.13720627843963357,0.13720627843963357
2024-10-14,0.1581148814162421,0.28207482331168093,-0.12395994189543882,0.12395994189543882
2024-10-15,0.1017535021281325,0.3324060545458594,-0.23065255241772692,0.23065255241772692
2024-10-16,0.1623220842297476,0.31938353058513047,-0.15706144635538288,0.15706144635538288
2024-10-17,0.1658279056089347,0.3007999592921902,-0.13497205368325552,0.13497205368325552
2024-10-18,0.1535000940542362,0.27543030834895443,-0.12193021429471823,0.12193021429471823
2024-10-21,0.1564941177049812,0.26991268132818647,-0.11341856362320527,0.11341856362320527
2024-10-22,0.1583952918400273,0.24305574155002668,-0.08466044970999939,0.08466044970999939
2024-10-23,0.0797285164950085,0.28939308036113576,-0.20966456386612725,0.20966456386612725
2024-10-24,0.3068757072726013,0.2924691457075776,0.014406561565023679,0.014406561565023679
2024-10-25,0.3136138993207636,0.3179267382937957,-0.004312838973032085,0.004312838973032085
2024-10-28,0.3139827447151029,0.3075965745036592,0.00638617021144372,0.00638617021144372
2024-10-29,0.3679434520971981,0.29192424326958044,0.07601920882761765,0.07601920882761765
2024-10-30,0.5384164415937439,0.29626115150419574,0.24215529008954817,0.24215529008954817
2024-10-31,0.4633917034424358,0.41971162811578133,0.043680075326654466,0.043680075326654466
2024-11-01,0.4626787893931546,0.376106282940679,0.0865725064524756,0.0865725064524756
2024-11-04,0.4607707198513439,0.39477800877332986,0.06599271107801402,0.06599271107801402
2024-11-05,0.420680011936055,0.36916336663547045,0.05151664530058453,0.05151664530058453
2024-11-06,0.1404337257743101,0.2646322702926954,-0.12419854451838533,0.12419854451838533
2024-11-07,0.1232367302415711,0.20051728025446963,-0.07728055001289853,0.07728055001289853
2024-11-08,0.2369873244273208,0.20920111520631007,0.027786209221010716,0.027786209221010716
2024-11-11,0.244498451607486,0.19981771255537298,0.04468073905211303,0.04468073905211303
2024-11-12,0.2482097328633295,0.21289817973621036,0.035311553127119144,0.035311553127119144
2024-11-13,0.2481825922973279,0.26747623893911454,-0.01929364664178665,0.01929364664178665
2024-11-14,0.2438532002544429,0.25438927222933727,-0.010536071974894368,0.010536071974894368
2024-11-15,0.1340358134534142,0.3366211927322528,-0.20258537927883863,0.20258537927883863
2024-11-18,0.128081069575801,0.3204110123117168,-0.1923299427359158,0.1923299427359158
2024-11-19,0.1437546343796344,0.33918137084080585,-0.19542673646117145,0.19542673646117145
2024-11-20,0.1559503982482596,0.311075602134496,-0.15512520388623638,0.15512520388623638
2024-11-21,0.1582790404386327,0.2936506581271609,-0.1353716176885282,0.1353716176885282
2024-11-22,0.1534242125347004,0.22653815498666516,-0.07311394245196476,0.07311394245196476
2024-11-25,0.1459391944569075,0.23153147000801932,-0.08559227555111182,0.08559227555111182
2024-11-26,0.1492203872644422,0.20665752949727426,-0.057437142232832056,0.057437142232832056
2024-11-27,0.1396211675855992,0.21981951488575688,-0.08019834730015768,0.08019834730015768
2024-11-29,0.1147987236177523,0.21542244582581693,-0.10062372220806463,0.10062372220806463
2024-12-02,0.1457528187076275,0.1909084715613773,-0.04515565285374981,0.04515565285374981
2024-12-03,0.1530126183670118,0.17563592029851166,-0.022623301931499862,0.022623301931499862
2024-12-04,0.1758059912995326,0.18666083331218553,-0.010854842012652938,0.010854842012652938
2024-12-05,0.1935249249742339,0.19340387635503162,0.00012104861920228527,0.00012104861920228527
2024-12-06,0.1894379453465738,0.17884965386069288,0.010588291485880919,0.010588291485880919
2024-12-09,0.1730270638438507,0.22665729504263982,-0.053630231198789124,0.053630231198789124
2024-12-10,0.177468438665826,0.23531366715005753,-0.057845228484231515,0.057845228484231515
2024-12-11,0.4905807144321343,0.20921710387060286,0.2813636105615315,0.2813636105615315
2024-12-12,0.4831474377633737,0.22286555046019849,0.26028188730317525,0.26028188730317525
2024-12-13,0.5127198088915601,0.20828275235601035,0.30443705653554975,0.30443705653554975
2024-12-16,0.5220568911186372,0.20767289051102925,0.31438400060760796,0.31438400060760796
2024-12-17,0.5469550102665939,0.2444415901321841,0.30251342013440974,0.30251342013440974
2024-12-18,0.2708496700966901,0.570834856800172,-0.2999851867034819,0.2999851867034819
2024-12-19,0.3229807879199071,0.5402509450784699,-0.21727015715856285,0.21727015715856285
2024-12-20,0.3225531467664043,0.42629598879748276,-0.10374284203107847,0.10374284203107847
2024-12-23,0.3088712008336587,0.3609304648774258,-0.052059264043767095,0.052059264043767095
2024-12-24,0.2574045624433668,0.29022257453461636,-0.03281801209124957,0.03281801209124957
2024-12-26,0.325114771734029,0.17406925603849327,0.1510455156955357,0.1510455156955357
2024-12-27,0.2867755300368346,0.24790476784565219,0.038870762191182406,0.038870762191182406
2024-12-30,0.290663386866451,0.356424585349594,-0.06576119848314299,0.06576119848314299
2024-12-31,0.2836393698571574,0.37887340955607457,-0.0952340396989172,0.0952340396989172
2025-01-02,0.3741559548545269,0.4008808367541699,-0.026724881899643005,0.026724881899643005
2025-01-03,0.3180143953223083,0.3083648019209239,0.009649593401384382,0.009649593401384382
2025-01-06,0.3062311300164207,0.28042903194262914,0.02580209807379158,0.02580209807379158
2025-01-07,0.3812433288663558,0.3028720042138597,0.07837132465249613,0.07837132465249613
2025-01-08,0.3819175643353079,0.2920999472970559,0.08981761703825197,0.08981761703825197
2025-01-10,0.3316266262219031,0.3333177354211367,-0.001691109199233598,0.001691109199233598
2025-01-13,0.3585490113253566,0.34680090748147663,0.011748103843879976,0.011748103843879976
2025-01-14,0.3710292343662171,0.34096036289713266,0.030068871469084435,0.030068871469084435
2025-01-15,0.2484987823071656,0.27810505197455265,-0.029606269667387053,0.029606269667387053
2025-01-16,0.2503691726223835,0.29759680891344126,-0.04722763629105775,0.04722763629105775
2025-01-17,0.303553570357565,0.2529002003792316,0.05065336997833336,0.05065336997833336
2025-01-21,0.3068473820440672,0.2310690835131862,0.075778298530881,0.075778298530881
2025-01-22,0.3004362557838029,0.22280060583074418,0.07763564995305872,0.07763564995305872
2025-01-23,0.3002684562795235,0.2223521621102168,0.07791629416930668,0.07791629416930668
2025-01-24,0.3074930754874183,0.22321261093385975,0.08428046455355853,0.08428046455355853
2025-01-27,0.2342788195308404,0.3282545284623263,-0.09397570893148588,0.09397570893148588
2025-01-28,0.2161713729710444,0.30435102784815615,-0.08817965487711174,0.08817965487711174
2025-01-29,0.2121847106735226,0.32559857824215277,-0.11341386756863017,0.11341386756863017
2025-01-30,0.2034223013078226,0.29592810135220105,-0.09250580004437844,0.09250580004437844
2025-01-31,0.2402500442262473,0.30802491612185556,-0.06777487189560827,0.06777487189560827
2025-02-03,0.2330212237226178,0.30543570514811136,-0.07241448142549356,0.07241448142549356
2025-02-04,0.203145906741632,0.2970380275908807,-0.09389212084924872,0.09389212084924872
2025-02-05,0.1982628435446237,0.26787821254660427,-0.06961536900198056,0.06961536900198056
2025-02-06,0.2511676730880262,0.2552161489089052,-0.004048475820879027,0.004048475820879027
2025-02-07,0.2007386715539219,0.28656888613998877,-0.08583021458606688,0.08583021458606688
2025-02-10,0.1746987912438422,0.22520048767709921,-0.050501696433257026,0.050501696433257026
2025-02-11,0.1786367055653561,0.2315766959125914,-0.05293999034723529,0.05293999034723529
2025-02-12,0.1865227017768684,0.23208282400659663,-0.045560122229728245,0.045560122229728245
2025-02-13,0.2869308344613721,0.22605578692099143,0.060875047540380645,0.060875047540380645
2025-02-14,0.2976264403867806,0.2177172494082817,0.07990919097849891,0.07990919097849891
2025-02-18,0.3043410468685013,0.2168527879598594,0.08748825890864187,0.08748825890864187
2025-02-19,0.3020060943276546,0.21554760290071617,0.0864584914269384,0.0864584914269384
2025-02-20,0.3884562893293806,0.24350468236704795,0.14495160696233264,0.14495160696233264
2025-02-21,0.3722889865725093,0.36021067642642535,0.01207831014608396,0.01207831014608396
2025-02-24,0.4601870403800824,0.3756445357152074,0.084542504664875,0.084542504664875
2025-02-25,0.4943844224273526,0.3996752056910837,0.09470921673626886,0.09470921673626886
2025-02-26,0.5248295869798706,0.3976367941925677,0.1271927927873029,0.1271927927873029
2025-02-27,0.5408002714666835,0.46149465809310686,0.07930561337357667,0.07930561337357667
2025-02-28,0.4875980006851488,0.38278576521159624,0.10481223547355256,0.10481223547355256
2025-03-03,0.5888443121291158,0.4755454930376535,0.11329881909146233,0.11329881909146233
2025-03-04,0.5684114615553945,0.48952967573290307,0.07888178582249139,0.07888178582249139
2025-03-05,0.5459355795077682,0.44445924745974064,0.10147633204802753,0.10147633204802753
2025-03-06,0.5156470990169304,0.508613660364284,0.007033438652646384,0.007033438652646384
2025-03-07,0.6081452705145639,0.4826295516853968,0.12551571882916712,0.12551571882916712
2025-03-10,0.4378767859581707,0.5945892277916933,-0.15671244183352262,0.15671244183352262
2025-03-11,0.4539852795632906,0.5694663219155289,-0.11548104235223833,0.11548104235223833
2025-03-12,0.4787324595557596,0.5281512335962084,-0.04941877404044881,0.04941877404044881
2025-03-13,0.4255351764798766,0.5165704002322138,-0.09103522375233719,0.09103522375233719
2025-03-14,0.2639407057194601,0.4488911991167484,-0.1849504933972883,0.1849504933972883
2025-03-17,0.3694087164428315,0.3401167862395584,0.029291930203273142,0.029291930203273142
2025-03-18,0.3289032119159861,0.3853764121315366,-0.05647320021555052,0.05647320021555052
2025-03-19,0.3329090779067131,0.3695525595159836,-0.0366434816092705,0.0366434816092705
2025-03-20,0.3352429250411194,0.33709835659159465,-0.0018554315504752394,0.0018554315504752394
2025-03-21,0.4608234250992571,0.3685356822947992,0.0922877428044579,0.0922877428044579
2025-03-24,0.3780738833405022,0.2914583196248849,0.0866155637156173,0.0866155637156173
2025-03-25,0.3819761928410642,0.2654512378577758,0.11652495498328841,0.11652495498328841
2025-03-26,0.3542807530061024,0.3306431835812108,0.02363756942489159,0.02363756942489159
2025-03-27,0.8618915859673572,0.3197808583789917,0.5421107275883654,0.5421107275883654
2025-03-28,1.264605196651354,0.42404008479140526,0.8405651118599489,0.8405651118599489
2025-03-31,1.2621061039448938,0.46169344439488746,0.8004126595500063,0.8004126595500063
2025-04-01,1.28546936334322,0.44992635530320213,0.8355430080400178,0.8355430080400178
2025-04-02,1.9295322917030948,0.41034854025691925,1.5191837514461755,1.5191837514461755
2025-04-03,1.8481317696511583,0.7631657443552435,1.0849660252959148,1.0849660252959148
2025-04-04,1.593768403482084,1.1602547200214044,0.43351368346067964,0.43351368346067964
2025-04-07,1.5982818480399563,1.1801750145366978,0.4181068335032585,0.4181068335032585
2025-04-08,1.5786542301062962,1.290862396374928,0.2877918337313683,0.2877918337313683
2025-04-09,0.7345667516567917,1.0466705803871286,-0.3121038287303368,0.3121038287303368
2025-04-10,0.4768940541857271,1.0936906873738366,-0.6167966331881094,0.6167966331881094
2025-04-11,0.5382838106865836,0.8278675707985369,-0.2895837601119533,0.2895837601119533
2025-04-14,0.6550170530967546,0.7135078066498856,-0.058490753553130936,0.058490753553130936
2025-04-15,0.705052662345227,0.628766875168842,0.07628578717638501,0.07628578717638501
2025-04-16,0.6848626837867172,0.9301178910931428,-0.24525520730642558,0.24525520730642558
2025-04-17,0.6944012150409218,0.7421373127322238,-0.04773609769130205,0.04773609769130205
2025-04-21,0.5822004574165143,0.8381485076471333,-0.25594805023061906,0.25594805023061906
2025-04-22,0.4385369713058941,0.7929074462131019,-0.35437047490720786,0.35437047490720786
2025-04-23,0.3522220806806806,0.7292601511383261,-0.3770380704576455,0.3770380704576455
2025-04-24,0.1806251093729963,0.460047142273595,-0.2794220329005987,0.2794220329005987
2025-04-25,0.2699706095875938,0.4112583532194458,-0.14128774363185204,0.14128774363185204
2025-04-28,0.288286754198044,0.3502927154986261,-0.06200596130058211,0.06200596130058211
2025-04-29,0.2995071583407473,0.3745595639468861,-0.0750524056061388,0.0750524056061388
2025-04-30,0.3064202949054154,0.41907149814667044,-0.11265120324125505,0.11265120324125505
2025-05-01,0.3039484726677246,0.3903584641662052,-0.08640999149848055,0.08640999149848055
2025-05-02,0.1966073053236155,0.3454210735401003,-0.14881376821648482,0.14881376821648482
2025-05-05,0.5357421818518873,0.32630308215889514,0.20943909969299213,0.20943909969299213
2025-05-06,0.533978479420399,0.37071171970933947,0.16326675971105953,0.16326675971105953
2025-05-07,0.5297708534260389,0.3289137130796604,0.20085714034637853,0.20085714034637853
2025-05-08,0.5258469009504484,0.2916753517593714,0.23417154919107697,0.23417154919107697
2025-05-09,0.5372783243695602,0.3249923742927569,0.21228595007680334,0.21228595007680334
2025-05-12,0.173687901221911,0.24584257758280506,-0.07215467636089407,0.07215467636089407
2025-05-13,0.1443344714326312,0.2110656928585931,-0.06673122142596191,0.06673122142596191
2025-05-14,0.2953792341333399,0.22851075523898615,0.06686847889435374,0.06686847889435374
2025-05-15,0.2881203544788015,0.250189261895258,0.037931092583543546,0.037931092583543546
2025-05-16,0.2866173959018383,0.22340255704861503,0.06321483885322329,0.06321483885322329
2025-05-19,0.4304857755801437,0.29183472638007407,0.13865104920006965,0.13865104920006965
2025-05-20,0.4351718272209252,0.31100436329129716,0.12416746392962802,0.12416746392962802
2025-05-21,0.3559947479682916,0.40588035015970214,-0.04988560219141053,0.04988560219141053
2025-05-22,0.3559270008933602,0.3986167779309142,-0.042689777037554,0.042689777037554
2025-05-23,0.34567346701281,0.4564344878927454,-0.11076102087993539,0.11076102087993539
2025-05-27,0.1567085146394762,0.3475611564966197,-0.19085264185714354,0.19085264185714354
2025-05-28,0.129203419570332,0.35636444004216355,-0.22716102047183157,0.22716102047183157
2025-05-29,0.1403946910072323,0.3180101955020897,-0.1776155044948574,0.1776155044948574
2025-05-30,0.2146443277613765,0.31507264381221645,-0.10042831605083993,0.10042831605083993
2025-06-02,0.2050908264778385,0.27084516758645144,-0.06575434110861295,0.06575434110861295
2025-06-03,0.2028980720259433,0.28125332820914606,-0.07835525618320277,0.07835525618320277
2025-06-04,0.2075302582442952,0.2864086697876044,-0.07887841154330918,0.07887841154330918
2025-06-05,0.1992018515340407,0.2878163256545328,-0.08861447412049209,0.08861447412049209
2025-06-06,0.214109676001714,0.2340560979214587,-0.019946421919744717,0.019946421919744717
2025-06-09,0.2601059070375754,0.24667755278079517,0.01342835425678024,0.01342835425678024
2025-06-10,0.2790126270303386,0.22196773527633867,0.057044891753999905,0.057044891753999905
2025-06-11,0.2756258343303595,0.2287251014355333,0.046900732894826186,0.046900732894826186
2025-06-12,0.2711092450698751,0.23167018814791723,0.03943905692195787,0.03943905692195787
2025-06-13,0.2530014774486764,0.3544275392386431,-0.10142606178996671,0.10142606178996671
2025-06-16,0.2698364185764663,0.3113445962264373,-0.041508177649971,0.041508177649971
2025-06-17,0.234700285984263,0.3848564850282479,-0.15015619904398486,0.15015619904398486
2025-06-18,0.2667215607537752,0.35383974615247415,-0.08711818539869898,0.08711818539869898
2025-06-20,0.2770740326591375,0.3527013361378288,-0.07562730347869129,0.07562730347869129
2025-06-23,0.2458092895854222,0.30396768510811056,-0.058158395522688366,0.058158395522688366
2025-06-24,0.1729469717927005,0.2903493307512905,-0.11740235895859,0.11740235895859
2025-06-25,0.1885677667753648,0.24538525318832816,-0.05681748641296336,0.05681748641296336
2025-06-26,0.1919792034386893,0.24050301191660323,-0.04852380847791393,0.04852380847791393
2025-06-27,0.2138423367144497,0.21866495509636608,-0.004822618381916388,0.004822618381916388
2025-06-30,0.1979174602086034,0.21310618349967508,-0.015188723291071682,0.015188723291071682
2025-07-01,0.2192277208795172,0.2335672510052689,-0.014339530125751704,0.014339530125751704
2025-07-02,0.2104967645168352,0.20661173017652346,0.0038850343403117327,0.0038850343403117327
2025-07-03,0.1722778016511108,0.18481266395492024,-0.01253486230380943,0.01253486230380943
2025-07-07,0.1203214300898206,0.24990722007401728,-0.12958578998419668,0.12958578998419668
2025-07-08,0.1353068734753096,0.23242925346110266,-0.09712237998579307,0.09712237998579307
2025-07-09,0.1080039313047431,0.20755955883629212,-0.09955562753154902,0.09955562753154902
2025-07-10,0.130414464299158,0.20647878202873354,-0.07606431772957553,0.07606431772957553
2025-07-11,0.1194184325795896,0.23670413683380762,-0.11728570425421801,0.11728570425421801
2025-07-14,0.1193939661549342,0.23000435399460833,-0.11061038783967414,0.11061038783967414
2025-07-15,0.1019673020905613,0.2466246345068529,-0.14465733241629158,0.14465733241629158
2025-07-16,0.1519687680785358,0.24702518283890046,-0.09505641476036467,0.09505641476036467
2025-07-17,0.1264078722479979,0.23198819640295537,-0.10558032415495747,0.10558032415495747
2025-07-18,0.1412144544472396,0.22594169209288645,-0.08472723764564685,0.08472723764564685
2025-07-21,0.139487600682096,0.21627850405210097,-0.07679090337000496,0.07679090337000496
2025-07-22,0.1468606032039125,0.21775427432287228,-0.07089367111895978,0.07089367111895978
2025-07-23,0.0818705308781399,0.18115898090471044,-0.09928845002657054,0.09928845002657054
2025-07-24,0.1001651693908038,0.19002200501923702,-0.08985683562843322,0.08985683562843322
2025-07-25,0.2675117256155808,0.1712890392857564,0.09622268632982439,0.09622268632982439
2025-07-28,0.3542435880627863,0.1683812312493611,0.18586235681342517,0.18586235681342517
2025-07-29,0.3595147382420494,0.19527790148614227,0.1642368367559071,0.1642368367559071
2025-07-30,0.3769918121946989,0.20556706749610254,0.17142474469859637,0.17142474469859637
2025-07-31,0.372599204567144,0.23540719818893663,0.1371920063782074,0.1371920063782074
2025-08-01,0.2975697976997533,0.39217226891712686,-0.09460247121737358,0.09460247121737358
2025-08-04,0.1902579229655239,0.3466213292748153,-0.1563634063092914,0.1563634063092914
2025-08-05,0.2495905998565476,0.3429725238218309,-0.0933819239652833,0.0933819239652833
2025-08-06,0.2272669628691099,0.32241304471553933,-0.09514608184642942,0.09514608184642942
2025-08-07,0.2269648129670552,0.3063871974032567,-0.0794223844362015,0.0794223844362015
2025-08-08,0.1960166724908967,0.194267538904051,0.001749133586845697,0.001749133586845697
2025-08-11,0.1919398967019721,0.24881523256689655,-0.056875335864924464,0.056875335864924464
2025-08-12,0.1160457367022856,0.21082022626411812,-0.09477448956183251,0.09477448956183251
2025-08-13,0.1110836973837997,0.2208089023031959,-0.10972520491939619,0.10972520491939619
2025-08-14,0.1279576488901018,0.2215134262448779,-0.0935557773547761,0.0935557773547761
2025-08-15,0.267393810657585,0.22632336044851042,0.04107045020907457,0.04107045020907457
2025-08-18,0.2758683405844503,0.19714949558875078,0.07871884499569953,0.07871884499569953
2025-08-19,0.2677558866331098,0.23857683029745919,0.0291790563356506,0.0291790563356506
2025-08-20,0.267650466782478,0.23948472232654944,0.028165744455928565,0.028165744455928565
2025-08-21,0.2647325274963961,0.2623924687263831,0.002340058770012976,0.002340058770012976
2025-08-22,0.1523752062788328,0.22694449725447088,-0.07456929097563808,0.07456929097563808
2025-08-25,0.1754176421364152,0.24527514088904445,-0.06985749875262925,0.06985749875262925
2025-08-26,0.1816700547989654,0.21974075163665652,-0.038070696837691126,0.038070696837691126
2025-08-27,0.2213062923984332,0.21894734726023382,0.00235894513819937,0.00235894513819937
2025-08-28,0.2213725368254133,0.2042655716280998,0.0171069651973135,0.0171069651973135
2025-08-29,0.1993457189468455,0.2542671234504441,-0.054921404503598614,0.054921404503598614
2025-09-02,0.1714503975411965,0.29049009366920864,-0.11903969612801213,0.11903969612801213
2025-09-03,0.1584615275541757,0.2707169104829358,-0.11225538292876008,0.11225538292876008
2025-09-04,0.1602937113069174,0.24628762285740396,-0.08599391155048655,0.08599391155048655
2025-09-05,0.1523819117034674,0.26816035218216905,-0.11577844047870164,0.11577844047870164
2025-09-08,0.1663166364283841,0.22891893016808396,-0.06260229373969986,0.06260229373969986
2025-09-09,0.1620606350737566,0.20347897924828906,-0.04141834417453247,0.04141834417453247
2025-09-10,0.1557714105696792,0.21131421726861166,-0.05554280669893247,0.05554280669893247
2025-09-11,0.1096509019005629,0.21030112080162294,-0.10065021890106005,0.10065021890106005
2025-09-12,0.1339772927126285,0.19789318824474555,-0.06391589553211705,0.06391589553211705
2025-09-15,0.131427040197174,0.19826893837827766,-0.06684189818110367,0.06684189818110367
2025-09-16,0.156606716587234,0.22024271806415577,-0.06363600147692178,0.06363600147692178
2025-09-17,0.1622840901343519,0.21292943451301768,-0.050645344378665774,0.050645344378665774
2025-09-18,0.1641295877653331,0.1979358868143301,-0.03380629904899701,0.03380629904899701
2025-09-19,0.1722766411476594,0.18699621238377004,-0.014719571236110646,0.014719571236110646
2025-09-22,0.1629283551796416,0.18678887053099147,-0.023860515351349865,0.023860515351349865
2025-09-23,0.15190309073247,0.22249522375439798,-0.07059213302192799,0.07059213302192799
2025-09-24,0.1546922565608323,0.22163602854101921,-0.06694377198018692,0.06694377198018692
2025-09-25,0.1329335219068782,0.23783439849412127,-0.10490087658724306,0.10490087658724306
2025-09-26,0.0945850740788134,0.21313406949290953,-0.11854899541409612,0.11854899541409612
2025-09-29,0.102661432737964,0.22518144658258518,-0.12252001384462118,0.12252001384462118
2025-09-30,0.100070487523942,0.21102453347950567,-0.11095404595556367,0.11095404595556367
2025-10-01,0.1249784735407767,0.21902313597591097,-0.09404466243513428,0.09404466243513428
2025-10-02,0.1320682039838097,0.22200113907903155,-0.08993293509522185,0.08993293509522185
2025-10-03,0.4558743067859119,0.2340271849099208,0.2218471218759911,0.2218471218759911
2025-10-06,0.5146409126449548,0.2134116789997118,0.301229233645243,0.301229233645243
2025-10-07,0.51166211015255,0.2389607246752874,0.27270138547726264,0.27270138547726264
2025-10-08,0.5073043976256965,0.21269488834791875,0.29460950927777774,0.29460950927777774
2025-10-09,0.5152535508092974,0.21205529768950343,0.3031982531197939,0.3031982531197939
2025-10-10,0.2864781667882643,0.43560716165519364,-0.14912899486692932,0.14912899486692932
2025-10-13,0.2238205818717379,0.39272470300228823,-0.16890412113055034,0.16890412113055034
2025-10-14,0.2224371832173623,0.41385778070273904,-0.19142059748537674,0.19142059748537674
2025-10-15,0.2294075750727668,0.4211523994533425,-0.1917448243805757,0.1917448243805757
2025-10-16,0.2260278719662488,0.5202982385741513,-0.29427036660790246,0.29427036660790246
2025-10-17,0.2444138434262522,0.36960368761709556,-0.12518984419084336,0.12518984419084336
2025-10-20,0.2625644316070279,0.3308086930921757,-0.06824426148514778,0.06824426148514778
2025-10-21,0.2650583795095569,0.3046953787866218,-0.03963699927706488,0.03963699927706488
2025-10-22,0.2510750535038858,0.33303334777478133,-0.08195829427089552,0.08195829427089552
2025-10-23,0.2819581702154724,0.248630752062129,0.03332741815334342,0.03332741815334342
2025-10-24,0.2561433498950107,0.20466598174762413,0.05147736814738657,0.05147736814738657
2025-10-27,0.1695689253503593,0.19701694524633856,-0.027448019895979253,0.027448019895979253
2025-10-28,0.250125551977671,0.210514111652223,0.039611440325448,0.039611440325448
2025-10-29,0.2567368612242522,0.19949578128687784,0.05724107993737437,0.05724107993737437
2025-10-30,0.2697915588315523,0.24606484917740917,0.02372670965414314,0.02372670965414314
2025-10-31,0.2673307311184142,0.25602221637715283,0.011308514741261377,0.011308514741261377
2025-11-03,0.3599790790321424,0.2583277302893913,0.10165134874275106,0.10165134874275106
2025-11-04,0.3091000112207577,0.3250814236023103,-0.015981412381552595,0.015981412381552595
2025-11-05,0.3037945278224186,0.3020259816021017,0.0017685462203169133,0.0017685462203169133
2025-11-06,0.3615109743202086,0.35419720373113056,0.007313770589078061,0.007313770589078061
2025-11-07,0.3610441749747072,0.3388442254979894,0.022199949476717773,0.022199949476717773
2025-11-10,0.3046952116604343,0.29812568980095216,0.006569521859482119,0.006569521859482119
2025-11-11,0.3302684041152532,0.26569829234031284,0.06457011177494038,0.06457011177494038
2025-11-12,0.3354326211842997,0.2900208924186747,0.04541172876562499,0.04541172876562499
2025-11-13,0.3229650045119193,0.34344502843805347,-0.020480023926134183,0.020480023926134183
2025-11-14,0.3582203990882756,0.3366852042326806,0.021535194855594963,0.021535194855594963
2025-11-17,0.407847254293874,0.4233149057012169,-0.015467651407342908,0.015467651407342908
2025-11-18,0.4117343312736627,0.48163946595890195,-0.06990513468523923,0.06990513468523923
2025-11-19,0.4218128875190481,0.45796443852970237,-0.03615155101065426,0.03615155101065426
2025-11-20,0.3508270519516111,0.5078833913818678,-0.15705633943025665,0.15705633943025665
2025-11-21,0.3258528153931382,0.46232112602036857,-0.13646831062723036,0.13646831062723036
2025-11-24,0.2198408273162765,0.3591451377118508,-0.1393043103955743,0.1393043103955743
2025-11-25,0.1733604889033795,0.2920602665319122,-0.1186997776285327,0.1186997776285327
2025-11-26,0.1356800661105521,0.26923817151432633,-0.13355810540377422,0.13355810540377422
2025-11-28,0.1102958744816231,0.180512998945492,-0.0702171244638689,0.0702171244638689
2025-12-01,0.0896851859325505,0.2281650561889937,-0.1384798702564432,0.1384798702564432
2025-12-02,0.0819715514114677,0.23527900972408552,-0.15330745831261783,0.15330745831261783
2025-12-03,0.1260614470930766,0.23327016605451617,-0.10720871896143958,0.10720871896143958
2025-12-04,0.1291705380158937,0.2390000199906548,-0.10982948197476108,0.10982948197476108
2025-12-05,0.2114383456751079,0.20455143818345056,0.006886907491657351,0.006886907491657351
2025-12-08,0.2056499528586733,0.22814983016804213,-0.022499877309368838,0.022499877309368838
2025-12-09,0.2086474296949979,0.22169806288285293,-0.013050633187855043,0.013050633187855043
2025-12-10,0.2576645973142562,0.19922030643590322,0.05844429087835301,0.05844429087835301
2025-12-11,0.2846805627945368,0.18407499501634936,0.10060556777818744,0.10060556777818744
2025-12-12,0.2673986320788346,0.23917111727706958,0.028227514801764997,0.028227514801764997
2025-12-15,0.2850118620652709,0.23764698394222478,0.04736487812304613,0.04736487812304613
2025-12-16,0.2915313865956623,0.2486421864657481,0.04288920012991421,0.04288920012991421
2025-12-17,0.2309483103547404,0.30235547599002277,-0.07140716563528238,0.07140716563528238
2025-12-18,0.1939617509250087,0.29315851956509337,-0.09919676864008467,0.09919676864008467
2025-12-19,0.1458817817062946,0.238656292049299,-0.09277451034300441,0.09277451034300441
2025-12-22,0.1067051342608569,0.2084758426774742,-0.10177070841661731,0.10177070841661731
2025-12-23,0.1411901442246253,0.19287165731663714,-0.05168151309201183,0.05168151309201183
2025-12-24,0.135021022778568,0.15763109929574506,-0.022610076517177058,0.022610076517177058
2025-12-26,0.168278693216519,0.17179832353534127,-0.00351963031882227,0.00351963031882227
2025-12-29,0.186683851273512,0.20534791601652946,-0.01866406474301746,0.01866406474301746
2025-12-30,0.193301878035283,0.21689022485706846,-0.023588346821785455,0.023588346821785455
2025-12-31,0.1537012718554342,0.25099034402251863,-0.09728907216708443,0.09728907216708443
