test_year,feature,importance
2022,vix,170
2022,treasury_10y,72
2022,treasury_2y,44
2022,return_1d,24
2022,return_5d,69
2022,volatility_5d,111
2022,volatility_10d,93
2022,volatility_20d,180
2022,vix_change_1d,31
2022,vix_change_5d,79
2022,vix_vs_realized_vol,58
2022,yield_curve,106
2022,treasury_10y_change_5d,37
2022,treasury_2y_change_5d,63
2023,vix,169
2023,treasury_10y,86
2023,treasury_2y,74
2023,return_1d,16
2023,return_5d,79
2023,volatility_5d,88
2023,volatility_10d,121
2023,volatility_20d,137
2023,vix_change_1d,39
2023,vix_change_5d,89
2023,vix_vs_realized_vol,117
2023,yield_curve,86
2023,treasury_10y_change_5d,56
2023,treasury_2y_change_5d,59
2024,vix,240
2024,treasury_10y,73
2024,treasury_2y,45
2024,return_1d,16
2024,return_5d,87
2024,volatility_5d,80
2024,volatility_10d,125
2024,volatility_20d,197
2024,vix_change_1d,21
2024,vix_change_5d,73
2024,vix_vs_realized_vol,74
2024,yield_curve,100
2024,treasury_10y_change_5d,43
2024,treasury_2y_change_5d,27
2025,vix,177
2025,treasury_10y,101
2025,treasury_2y,97
2025,return_1d,47
2025,return_5d,102
2025,volatility_5d,110
2025,volatility_10d,162
2025,volatility_20d,115
2025,vix_change_1d,52
2025,vix_change_5d,71
2025,vix_vs_realized_vol,86
2025,yield_curve,103
2025,treasury_10y_change_5d,57
2025,treasury_2y_change_5d,49
