date,y_true,y_pred,error,absolute_error
2022-01-03,0.3188293275221635,0.23978407832541299,0.07904524919675049,0.07904524919675049
2022-01-04,0.350006375279478,0.26821913274772147,0.08178724253175651,0.08178724253175651
2022-01-05,0.1669024250014958,0.34907833592064347,-0.18217591091914767,0.18217591091914767
2022-01-06,0.2819315955787634,0.3103492719606217,-0.02841767638185827,0.02841767638185827
2022-01-07,0.2747799586871794,0.31085364776400637,-0.036073689076826954,0.036073689076826954
2022-01-10,0.4022169054346788,0.2929860817828721,0.1092308236518067,0.1092308236518067
2022-01-11,0.4058533397919012,0.2687581096795485,0.1370952301123527,0.1370952301123527
2022-01-12,0.4401862941958698,0.2362683884473625,0.2039179057485073,0.2039179057485073
2022-01-13,0.483522685863214,0.28960948489992633,0.19391320096328768,0.19391320096328768
2022-01-14,0.4853406874488036,0.250953956990287,0.2343867304585166,0.2343867304585166
2022-01-18,0.4319169166337472,0.3658714214338204,0.06604549519992681,0.06604549519992681
2022-01-19,0.4040133011982379,0.3622239527794268,0.0417893484188111,0.0417893484188111
2022-01-20,0.3735357372687481,0.506571648614073,-0.1330359113453249,0.1330359113453249
2022-01-21,0.4398457834180582,0.5779903282013946,-0.13814454478333643,0.13814454478333643
2022-01-24,0.5289128265593729,0.5663386818908119,-0.03742585533143905,0.03742585533143905
2022-01-25,0.5037280131495213,0.5321342837466522,-0.028406270597130856,0.028406270597130856
2022-01-26,0.5247297189064057,0.4754490944915609,0.04928062441484482,0.04928062441484482
2022-01-27,0.6493523740101795,0.5369211097786246,0.11243126423155492,0.11243126423155492
2022-01-28,0.5315044816138343,0.46596211364952594,0.0655423679643084,0.0655423679643084
2022-01-31,0.4446885675966679,0.419027995331065,0.02566057226560292,0.02566057226560292
2022-02-01,0.4512179809942353,0.34004891122802444,0.11116906976621088,0.11116906976621088
2022-02-02,0.4835087860269579,0.3424740569782751,0.1410347290486828,0.1410347290486828
2022-02-03,0.4053932699617779,0.4055880524206148,-0.00019478245883691736,0.00019478245883691736
2022-02-04,0.500106772368742,0.37484860629306077,0.12525816607568124,0.12525816607568124
2022-02-07,0.5003718849730553,0.40166916733550223,0.09870271763755306,0.09870271763755306
2022-02-08,0.5425910978302142,0.35430461606149816,0.18828648176871604,0.18828648176871604
2022-02-09,0.4921919027610962,0.33370943374100787,0.15848246902008833,0.15848246902008833
2022-02-10,0.5229146018527183,0.38551102031290374,0.13740358153981458,0.13740358153981458
2022-02-11,0.4405043213500535,0.5942241838611296,-0.1537198625110761,0.1537198625110761
2022-02-14,0.4652992413303101,0.605842970457467,-0.14054372912715696,0.14054372912715696
2022-02-15,0.4917949935755939,0.49675540614046615,-0.00496041256487223,0.00496041256487223
2022-02-16,0.5451687634068462,0.4182464046530382,0.12692235875380797,0.12692235875380797
2022-02-17,0.5524204726277997,0.5569674679642991,-0.004546995336499382,0.004546995336499382
2022-02-18,0.5418863002145734,0.49036428660983433,0.05152201360473907,0.05152201360473907
2022-02-22,0.5733524800764193,0.5820254039083064,-0.008672923831887114,0.008672923831887114
2022-02-23,0.5724331395450531,0.7320035708280779,-0.15957043128302473,0.15957043128302473
2022-02-24,0.5283298944234452,0.5789290728170513,-0.05059917839360606,0.05059917839360606
2022-02-25,0.4144292025858779,0.5446954707783289,-0.13026626819245102,0.13026626819245102
2022-02-28,0.6296650353100545,0.6119940845234094,0.017670950786645045,0.017670950786645045
2022-03-01,0.5903201940400387,0.8647273755688136,-0.27440718152877497,0.27440718152877497
2022-03-02,0.651724426588136,0.6146206530504862,0.03710377353764982,0.03710377353764982
2022-03-03,0.6499319902030847,0.5684608823955241,0.08147110780756062,0.08147110780756062
2022-03-04,0.6703085728258242,0.7042089773292785,-0.03390040450345422,0.03390040450345422
2022-03-07,0.4868894826039227,0.660950507351186,-0.17406102474726332,0.17406102474726332
2022-03-08,0.5803887523620042,0.6331907447267825,-0.05280199236477834,0.05280199236477834
2022-03-09,0.5459848149670408,0.5742641782654512,-0.02827936329841041,0.02827936329841041
2022-03-10,0.5756652473601273,0.5682071639585576,0.007458083401569615,0.007458083401569615
2022-03-11,0.5677827129022628,0.5784949600731908,-0.010712247170928002,0.010712247170928002
2022-03-14,0.5553767752985093,0.5967920827034969,-0.04141530740498767,0.04141530740498767
2022-03-15,0.476667889170574,0.5425671818746074,-0.06589929270403339,0.06589929270403339
2022-03-16,0.3770254159101237,0.5673920681724116,-0.19036665226228794,0.19036665226228794
2022-03-17,0.3940936539667458,0.5865418327815175,-0.19244817881477172,0.19244817881477172
2022-03-18,0.3575843227935178,0.36962556257579343,-0.012041239782275615,0.012041239782275615
2022-03-21,0.374956427755698,0.39648633294633656,-0.021529905190638576,0.021529905190638576
2022-03-22,0.3822932647979843,0.37423741171435215,0.008055853083632158,0.008055853083632158
2022-03-23,0.3431699608393335,0.38943569121696836,-0.04626573037763487,0.04626573037763487
2022-03-24,0.3596832008148243,0.34551719509507556,0.014166005719748742,0.014166005719748742
2022-03-25,0.3547640395757804,0.3193594131669844,0.03540462640879599,0.03540462640879599
2022-03-28,0.3597890063888121,0.3112441534471277,0.048544852941684424,0.048544852941684424
2022-03-29,0.3636708546615529,0.3214150922706365,0.042255762390916385,0.042255762390916385
2022-03-30,0.3824105703509813,0.3366655397522006,0.04574503059878071,0.04574503059878071
2022-03-31,0.2967433144446649,0.3189081880998286,-0.02216487365516373,0.02216487365516373
2022-04-01,0.2948075279243515,0.34092444109401865,-0.04611691316966715,0.04611691316966715
2022-04-04,0.3788909696665391,0.35663312468378033,0.02225784498275879,0.02225784498275879
2022-04-05,0.3260461623043156,0.4222272931363369,-0.09618113083202129,0.09618113083202129
2022-04-06,0.3367484479863093,0.4490888193489567,-0.1123403713626474,0.1123403713626474
2022-04-07,0.3827286922146545,0.3571479519437164,0.025580740270938096,0.025580740270938096
2022-04-08,0.3804157432096249,0.41720002205353207,-0.03678427884390717,0.03678427884390717
2022-04-11,0.3683127917327646,0.48225426246314124,-0.11394147073037664,0.11394147073037664
2022-04-12,0.364413825512507,0.4973726881464789,-0.13295886263397189,0.13295886263397189
2022-04-13,0.3966678572214315,0.3738593740065645,0.022808483214867004,0.022808483214867004
2022-04-14,0.5649416198305055,0.4204258950681739,0.1445157247623316,0.1445157247623316
2022-04-18,0.5720868895759065,0.3609703543475541,0.2111165352283524,0.2111165352283524
2022-04-19,0.684646310928424,0.32084463979720723,0.36380167113121675,0.36380167113121675
2022-04-20,0.6853839014600254,0.3158828287473079,0.3695010727127175,0.3695010727127175
2022-04-21,0.7514491384612321,0.37392786855528376,0.3775212699059483,0.3775212699059483
2022-04-22,0.842299466743651,0.6241557342055299,0.21814373253812103,0.21814373253812103
2022-04-25,0.8422614345463548,0.5919484424043796,0.2503129921419752,0.2503129921419752
2022-04-26,0.7140489313410117,0.8307867154472401,-0.11673778410622848,0.11673778410622848
2022-04-27,0.8526146195322148,0.8060129712478813,0.04660164828433355,0.04660164828433355
2022-04-28,0.9531160652168196,0.5327942744269237,0.42032179078989584,0.42032179078989584
2022-04-29,0.7565462968400435,0.5423630696330283,0.21418322720701521,0.21418322720701521
2022-05-02,0.91185285861584,0.5195894522135738,0.3922634064022662,0.3922634064022662
2022-05-03,0.909464947278564,0.48007139452754155,0.4293935527510224,0.4293935527510224
2022-05-04,0.8236361462378322,0.39564750173799146,0.42798864449984075,0.42798864449984075
2022-05-05,0.5888371500201744,0.7158681139618412,-0.1270309639416668,0.1270309639416668
2022-05-06,0.6919511188381303,0.5441743562916547,0.14777676254647565,0.14777676254647565
2022-05-09,0.4642762067817542,0.7177645738116634,-0.2534883670299092,0.2534883670299092
2022-05-10,0.5608212614266788,0.7599792576300304,-0.19915799620335162,0.19915799620335162
2022-05-11,0.8206911877825792,0.9442786621355046,-0.12358747435292539,0.12358747435292539
2022-05-12,0.8256736116383928,0.7764532446587281,0.0492203669796647,0.0492203669796647
2022-05-13,0.7358773276913351,0.7061404890816845,0.029736838609650595,0.029736838609650595
2022-05-16,0.7891472967033613,0.6794020708532919,0.1097452258500694,0.1097452258500694
2022-05-17,0.7341807687713524,0.6608516828847406,0.0733290858866118,0.0733290858866118
2022-05-18,0.3645024432373518,0.6338420986749141,-0.26933965543756233,0.26933965543756233
2022-05-19,0.4710799132182769,0.7052013966590831,-0.2341214834408062,0.2341214834408062
2022-05-20,0.6102847090880601,0.6729093346949832,-0.06262462560692306,0.06262462560692306
2022-05-23,0.5452083581426203,0.6530178429654584,-0.10780948482283814,0.10780948482283814
2022-05-24,0.5428754865964234,0.8851298394120971,-0.34225435281567373,0.34225435281567373
2022-05-25,0.5970515859069715,0.7565590964922239,-0.15950751058525237,0.15950751058525237
2022-05-26,0.5720584179672472,0.8179874360738655,-0.24592901810661827,0.24592901810661827
2022-05-27,0.4233048631802958,0.7848604207321871,-0.3615555575518913,0.3615555575518913
2022-05-31,0.4379992760749909,0.7519370007019666,-0.31393772462697567,0.31393772462697567
2022-06-01,0.4553100633855358,0.7121397353960017,-0.2568296720104659,0.2568296720104659
2022-06-02,0.5190889069920591,0.4594099281615727,0.059678978830486396,0.059678978830486396
2022-06-03,0.6487883593109155,0.46305626230199265,0.18573209700892285,0.18573209700892285
2022-06-06,0.9013494529558416,0.47347455075944705,0.4278749021963945,0.4278749021963945
2022-06-07,0.8907265291608536,0.37561640999548757,0.515110119165366,0.515110119165366
2022-06-08,0.9036603278508722,0.39505895102716426,0.508601376823708,0.508601376823708
2022-06-09,0.9724707146313396,0.6099416224057159,0.3625290922256237,0.3625290922256237
2022-06-10,0.8526329783519302,0.7529380025694484,0.09969497578248177,0.09969497578248177
2022-06-13,0.693089873332236,0.9649867986026135,-0.27189692527037745,0.27189692527037745
2022-06-14,0.6907957216505304,0.8540822306557417,-0.16328650900521136,0.16328650900521136
2022-06-15,0.6685740896880523,0.7030738042755801,-0.03449971458752776,0.03449971458752776
2022-06-16,0.6325288243551184,0.7556848363932996,-0.12315601203818127,0.12315601203818127
2022-06-17,0.633331609592719,0.7353974368912058,-0.1020658272984869,0.1020658272984869
2022-06-21,0.5984030957221287,0.6534343768956244,-0.05503128117349576,0.05503128117349576
2022-06-22,0.5981526357318657,0.8022962887220257,-0.20414365299016002,0.20414365299016002
2022-06-23,0.5954920083455317,0.6853885909987439,-0.08989658265321221,0.08989658265321221
2022-06-24,0.3924118436258798,0.779091584812993,-0.38667974118711324,0.38667974118711324
2022-06-27,0.3903643497761266,0.8246739583638876,-0.43430960858776096,0.43430960858776096
2022-06-28,0.2263737624325097,0.7118925184147981,-0.48551875598228833,0.48551875598228833
2022-06-29,0.3266753658846519,0.5826021841050106,-0.25592681822035873,0.25592681822035873
2022-06-30,0.2956102852265143,0.6448737817283778,-0.34926349650186356,0.34926349650186356
2022-07-01,0.3057566900376017,0.7181797678703823,-0.4124230778327806,0.4124230778327806
2022-07-05,0.338511221067247,0.847809563860197,-0.50929834279295,0.50929834279295
2022-07-06,0.3411921669859883,0.715681291611053,-0.3744891246250647,0.3744891246250647
2022-07-07,0.2511679082653161,0.5700981371579986,-0.3189302288926825,0.3189302288926825
2022-07-08,0.3925145345533291,0.48233043941263953,-0.08981590485931046,0.08981590485931046
2022-07-11,0.3714392243577618,0.5340734337224086,-0.1626342093646468,0.1626342093646468
2022-07-12,0.5508244730325005,0.6374874420832032,-0.0866629690507027,0.0866629690507027
2022-07-13,0.5541550343844946,0.6405697772765718,-0.08641474289207718,0.08641474289207718
2022-07-14,0.5736564413162905,0.6405697772765718,-0.06691333596028137,0.06691333596028137
2022-07-15,0.5099803659643836,0.440423207979437,0.06955715798494655,0.06955715798494655
2022-07-18,0.4926857431077517,0.55661720679281,-0.06393146368505831,0.06393146368505831
2022-07-19,0.2992226254394921,0.5428736089852929,-0.24365098354580084,0.24365098354580084
2022-07-20,0.4988263812856977,0.4603310990401949,0.03849528224550275,0.03849528224550275
2022-07-21,0.5110921184463841,0.4792525491748295,0.031839569271554624,0.031839569271554624
2022-07-22,0.5377879895426291,0.5115910880902876,0.026196901452341437,0.026196901452341437
2022-07-25,0.539253812467266,0.5177566465932688,0.021497165873997193,0.021497165873997193
2022-07-26,0.5177700257064256,0.7158051720375231,-0.19803514633109753,0.19803514633109753
2022-07-27,0.4009530964256033,0.6787965136336949,-0.2778434172080916,0.2778434172080916
2022-07-28,0.3525078487942775,0.6213049806130976,-0.2687971318188201,0.2687971318188201
2022-07-29,0.2734478196934953,0.46359848280685584,-0.19015066311336054,0.19015066311336054
2022-08-01,0.2704554136596477,0.5814820363514701,-0.3110266226918224,0.3110266226918224
2022-08-02,0.2577865068258347,0.4880751851079232,-0.2302886782820885,0.2302886782820885
2022-08-03,0.3429552549571421,0.4539148230901605,-0.11095956813301844,0.11095956813301844
2022-08-04,0.3429160288123196,0.4332107433337023,-0.09029471452138271,0.09029471452138271
2022-08-05,0.4373229645837336,0.41139857347261477,0.025924391111118827,0.025924391111118827
2022-08-08,0.4413841291361592,0.4043817004193081,0.03700242871685111,0.03700242871685111
2022-08-09,0.4371915161434518,0.4197741095266702,0.017417406616781594,0.017417406616781594
2022-08-10,0.3042856570376454,0.38983483057422896,-0.08554917353658359,0.08554917353658359
2022-08-11,0.3062014186930418,0.3869406520543225,-0.0807392333612807,0.0807392333612807
2022-08-12,0.2488264072472868,0.429009771280073,-0.1801833640327862,0.1801833640327862
2022-08-15,0.419387614488185,0.4371875932605752,-0.0177999787723902,0.0177999787723902
2022-08-16,0.4198402651794464,0.4364865715502573,-0.01664630637081088,0.01664630637081088
2022-08-17,0.4063315940620073,0.4178286952531505,-0.011497101191143166,0.011497101191143166
2022-08-18,0.4616865709547273,0.4148841535166542,0.04680241743807312,0.04680241743807312
2022-08-19,0.6830840045567105,0.48257514707198135,0.20050885748472913,0.20050885748472913
2022-08-22,0.5999596525520848,0.505776627153352,0.0941830253987328,0.0941830253987328
2022-08-23,0.6242405531572546,0.5454934807470456,0.07874707241020895,0.07874707241020895
2022-08-24,0.6348696864582739,0.5301885334788565,0.10468115297941738,0.10468115297941738
2022-08-25,0.5966329406629003,0.4606149561370153,0.13601798452588498,0.13601798452588498
2022-08-26,0.2990029034686653,0.587921445320853,-0.2889185418521877,0.2889185418521877
2022-08-29,0.2870047891611242,0.6611812631245202,-0.374176473963396,0.374176473963396
2022-08-30,0.3669111684656734,0.6611812631245202,-0.2942700946588468,0.2942700946588468
2022-08-31,0.3606166942259268,0.7252487500474528,-0.364632055821526,0.364632055821526
2022-09-01,0.4308992524119779,0.7433649088207767,-0.31246565640879875,0.31246565640879875
2022-09-02,0.429238184516378,0.6457250499156392,-0.21648686539926115,0.21648686539926115
2022-09-06,0.8199387960387257,0.7313491327721291,0.08858966326659656,0.08858966326659656
2022-09-07,0.7693758643391247,0.6359744792318599,0.13340138510726485,0.13340138510726485
2022-09-08,0.7833561690822762,0.5363742562099504,0.24698191287232585,0.24698191287232585
2022-09-09,0.7542244376236094,0.5071889499718906,0.2470354876517188,0.2470354876517188
2022-09-12,0.7434299917889305,0.5319783307021904,0.21145166108674018,0.21145166108674018
2022-09-13,0.3045892998617784,0.614242908700785,-0.3096536088390066,0.3096536088390066
2022-09-14,0.4062104186219367,0.5935393889969257,-0.18732897037498902,0.18732897037498902
2022-09-15,0.3878257196001372,0.6199751007356121,-0.23214938113547495,0.23214938113547495
2022-09-16,0.4620182734314439,0.6602126410241967,-0.19819436759275283,0.19819436759275283
2022-09-19,0.478455138332562,0.7174903531298933,-0.2390352147973313,0.2390352147973313
2022-09-20,0.4446017929356368,0.6958394925674695,-0.2512376996318327,0.2512376996318327
2022-09-21,0.4671136400601913,0.7144665894243826,-0.24735294936419128,0.24735294936419128
2022-09-22,0.5612861501218708,0.6920178615234082,-0.1307317114015374,0.1307317114015374
2022-09-23,0.5449557538262533,0.7339947753734972,-0.18903902154724395,0.18903902154724395
2022-09-26,0.659026373697435,0.8365144340921229,-0.1774880603946879,0.1774880603946879
2022-09-27,0.8135597665941755,0.7667373963950771,0.046822370199098406,0.046822370199098406
2022-09-28,0.7531732812303645,0.7424881912019848,0.010685090028379696,0.010685090028379696
2022-09-29,0.692168137957148,0.7370727281120628,-0.04490459015491477,0.04490459015491477
2022-09-30,0.7901364249888234,0.7489010213579715,0.041235403630851875,0.041235403630851875
2022-10-03,0.6884787285782006,0.8288359450452728,-0.14035721646707222,0.14035721646707222
2022-10-04,0.5060476040957875,0.7541084061847928,-0.24806080208900527,0.24806080208900527
2022-10-05,0.507734023928089,0.5975803083217844,-0.08984628439369546,0.08984628439369546
2022-10-06,0.6298122037252315,0.7129759697509711,-0.0831637660257396,0.0831637660257396
2022-10-07,0.5812732166119927,0.6347714384120103,-0.05349822180001762,0.05349822180001762
2022-10-10,0.7041010508689155,0.6812937766519641,0.02280727421695139,0.02280727421695139
2022-10-11,0.7193846421871942,0.769225997876921,-0.04984135568972681,0.04984135568972681
2022-10-12,0.7253067139213608,0.7613285486209648,-0.03602183469960396,0.03602183469960396
2022-10-13,0.6136242883751639,0.6921389855708151,-0.07851469719565118,0.07851469719565118
2022-10-14,0.6087447911467309,0.7005121985723173,-0.09176740742558642,0.09176740742558642
2022-10-17,0.4833183642593713,0.6205791104080002,-0.13726074614862888,0.13726074614862888
2022-10-18,0.5164027433698937,0.6411025225893122,-0.12469977921941855,0.12469977921941855
2022-10-19,0.5188779512960078,0.6364548162447792,-0.1175768649487714,0.1175768649487714
2022-10-20,0.5124026314816268,0.6844525968950645,-0.17204996541343776,0.17204996541343776
2022-10-21,0.5226417797229091,0.733222697279393,-0.2105809175564839,0.2105809175564839
2022-10-24,0.5020988350959339,0.7228949440314026,-0.22079610893546875,0.22079610893546875
2022-10-25,0.4367470197382428,0.6749056902188972,-0.23815867048065442,0.23815867048065442
2022-10-26,0.5817621603739431,0.7860792148248392,-0.2043170544508961,0.2043170544508961
2022-10-27,0.5980037013844612,0.899012680339665,-0.30100897895520373,0.30100897895520373
2022-10-28,0.5045501021139771,0.6756330846358491,-0.17108298252187204,0.17108298252187204
2022-10-31,0.5133543158507409,0.6785055068271261,-0.1651511909763852,0.1651511909763852
2022-11-01,0.5168454598324494,0.6768690845280435,-0.16002362469559406,0.16002362469559406
2022-11-02,0.4654801915631552,0.6753177253167405,-0.20983753375358533,0.20983753375358533
2022-11-03,0.960036454187852,0.6012515665526804,0.3587848876351716,0.3587848876351716
2022-11-04,0.9470386810901132,0.5756412374062129,0.3713974436839004,0.3713974436839004
2022-11-07,0.9455767054214642,0.4880296775399658,0.4575470278814984,0.4575470278814984
2022-11-08,0.951435042044252,0.5943464984381075,0.3570885436061445,0.3570885436061445
2022-11-09,0.900796192140446,0.6857875702633252,0.2150086218771209,0.2150086218771209
2022-11-10,0.2833838040734655,0.8794922144696338,-0.5961084103961682,0.5961084103961682
2022-11-11,0.2542911100080069,0.6509343878376095,-0.39664327782960257,0.39664327782960257
2022-11-14,0.2194915632473286,0.6553780794863845,-0.4358865162390559,0.4358865162390559
2022-11-15,0.2739703230561272,0.7804716736015838,-0.5065013505454565,0.5065013505454565
2022-11-16,0.2579162118242771,0.6200994818585105,-0.3621832700342334,0.3621832700342334
2022-11-17,0.2532359472061918,0.4743876930951818,-0.22115174588899,0.22115174588899
2022-11-18,0.3456852711638765,0.46994300394723865,-0.12425773278336216,0.12425773278336216
2022-11-21,0.3410604379726792,0.4601654509926961,-0.11910501302001691,0.11910501302001691
2022-11-22,0.551875810251839,0.4392486822659445,0.11262712798589447,0.11262712798589447
2022-11-23,0.5440521389811581,0.43677055186707275,0.10728158711408536,0.10728158711408536
2022-11-25,0.5443644021565002,0.44377283660308425,0.10059156555341592,0.10059156555341592
2022-11-28,0.5634206986010377,0.41856851076762897,0.14485218783340875,0.14485218783340875
2022-11-29,0.6081237041787964,0.45281682664629497,0.1553068775325014,0.1553068775325014
2022-11-30,0.3695891347071779,0.4340622846505721,-0.0644731499433942,0.0644731499433942
2022-12-01,0.3880169191069615,0.5471149365168347,-0.15909801740987323,0.15909801740987323
2022-12-02,0.4048577138299435,0.47191512779256045,-0.06705741396261694,0.06705741396261694
2022-12-05,0.3638793698650022,0.4257000320211968,-0.061820662156194583,0.061820662156194583
2022-12-06,0.3044524780222896,0.5256311193922938,-0.2211786413700042,0.2211786413700042
2022-12-07,0.3179687350607073,0.5602486062033878,-0.24227987114268051,0.24227987114268051
2022-12-08,0.4974529808445646,0.4947662840321458,0.0026866968124187873,0.0026866968124187873
2022-12-09,0.5151302266661433,0.560837066494715,-0.04570683982857171,0.04570683982857171
2022-12-12,0.4851112206926574,0.6378329376610637,-0.15272171696840636,0.15272171696840636
2022-12-13,0.471497086627536,0.4980389600293251,-0.026541873401789096,0.026541873401789096
2022-12-14,0.517600912397856,0.4845541945967359,0.03304671780112012,0.03304671780112012
2022-12-15,0.4010060021122973,0.5768217639326931,-0.17581576182039582,0.17581576182039582
2022-12-16,0.3712413830186014,0.6008548854926951,-0.22961350247409368,0.22961350247409368
2022-12-19,0.3483360566108823,0.5569869980344889,-0.20865094142360663,0.20865094142360663
2022-12-20,0.3973947800971935,0.5890891409557288,-0.19169436085853536,0.19169436085853536
2022-12-21,0.4225478065420597,0.5205455188839916,-0.09799771234193189,0.09799771234193189
2022-12-22,0.3560564713991622,0.5701621979381554,-0.21410572653899318,0.21410572653899318
2022-12-23,0.3495693237548817,0.46986658738606407,-0.12029726363118237,0.12029726363118237
2022-12-27,0.3636820980476692,0.524383898772659,-0.1607018007249898,0.1607018007249898
2022-12-28,0.3605378108237519,0.5521241385865902,-0.19158632776283824,0.19158632776283824
2022-12-29,0.4277865660713972,0.503674840930225,-0.07588827485882776,0.07588827485882776
2022-12-30,0.4260505459682531,0.4823793399582821,-0.05632879399002899,0.05632879399002899
2023-01-03,0.4354952825174817,0.5621576775016214,-0.12666239498413967,0.12666239498413967
2023-01-04,0.4653163768127972,0.42905106110977026,0.036265315703026935,0.036265315703026935
2023-01-05,0.4299668936073721,0.4440876563195652,-0.014120762712193091,0.014120762712193091
2023-01-06,0.2456696019236217,0.4360420446893353,-0.19037244276571358,0.19037244276571358
2023-01-09,0.247479287491551,0.4084625727815979,-0.16098328529004693,0.16098328529004693
2023-01-10,0.3332514640591117,0.41575529384932225,-0.08250382979021054,0.08250382979021054
2023-01-11,0.2911938319444302,0.4162013008206526,-0.12500746887622238,0.12500746887622238
2023-01-12,0.4127691898885796,0.4296379744369571,-0.016868784548377536,0.016868784548377536
2023-01-13,0.4489150640974679,0.4181377085287947,0.03077735556867317,0.03077735556867317
2023-01-17,0.4478965670050172,0.4246045918469283,0.023291975158088896,0.023291975158088896
2023-01-18,0.3723208306220969,0.4143356092832255,-0.04201477866112857,0.04201477866112857
2023-01-19,0.3924407730297187,0.4672626165060312,-0.07482184347631249,0.07482184347631249
2023-01-20,0.2589580264997635,0.44423756460089175,-0.18527953810112824,0.18527953810112824
2023-01-23,0.2735745262013572,0.4377340959831629,-0.16415956978180568,0.16415956978180568
2023-01-24,0.3577203844144323,0.4224555121387048,-0.06473512772427248,0.06473512772427248
2023-01-25,0.393956669566758,0.42415095154714005,-0.030194281980382043,0.030194281980382043
2023-01-26,0.4226815145783397,0.4256340530519432,-0.0029525384736034943,0.0029525384736034943
2023-01-27,0.4521025846684424,0.418874895470297,0.033227689198145394,0.033227689198145394
2023-01-30,0.4135427202865787,0.44631257370275995,-0.03276985341618127,0.03276985341618127
2023-01-31,0.3987414437416108,0.4224555121387048,-0.023714068397094,0.023714068397094
2023-02-01,0.4037769082405709,0.3923152283169782,0.011461679923592705,0.011461679923592705
2023-02-02,0.3594404710751062,0.4281852085153361,-0.06874473744022991,0.06874473744022991
2023-02-03,0.3211037011775254,0.4185956070089616,-0.09749190583143619,0.09749190583143619
2023-02-06,0.3552500309071627,0.4316580392981606,-0.07640800839099793,0.07640800839099793
2023-02-07,0.291541999788252,0.47017116485119664,-0.17862916506294463,0.17862916506294463
2023-02-08,0.2358854606367196,0.4707988533842215,-0.2349133927475019,0.2349133927475019
2023-02-09,0.2905185919199559,0.5464609920323408,-0.2559424001123849,0.2559424001123849
2023-02-10,0.2917612652335321,0.5538423639522292,-0.2620810987186971,0.2620810987186971
2023-02-13,0.3946538786037323,0.4738696749162779,-0.0792157963125456,0.0792157963125456
2023-02-14,0.3954197968769333,0.5263776979975568,-0.13095790112062355,0.13095790112062355
2023-02-15,0.4019250917389913,0.47921225974348086,-0.07728716800448954,0.07728716800448954
2023-02-16,0.3758219717477294,0.5162695865658083,-0.14044761481807894,0.14044761481807894
2023-02-17,0.3764030308129386,0.4522581216917733,-0.07585509087883474,0.07585509087883474
2023-02-21,0.2018081119768204,0.623661930204603,-0.4218538182277827,0.4218538182277827
2023-02-22,0.2139040717913138,0.5549802019177722,-0.34107613012645843,0.34107613012645843
2023-02-23,0.2302466632113869,0.5238098531398275,-0.29356318992844066,0.29356318992844066
2023-02-24,0.2989940510249427,0.5210470222306026,-0.22205297120565992,0.22205297120565992
2023-02-27,0.2952014560174119,0.5309883667459244,-0.23578691072851254,0.23578691072851254
2023-02-28,0.3807009042631812,0.5150896495706656,-0.1343887453074844,0.1343887453074844
2023-03-01,0.3738763345111456,0.4777397439499416,-0.10386340943879602,0.10386340943879602
2023-03-02,0.4613961074871676,0.5089100927278852,-0.04751398524071765,0.04751398524071765
2023-03-03,0.4492450758514528,0.4368223589057385,0.012422716945714285,0.012422716945714285
2023-03-06,0.4497526929388938,0.4368223589057385,0.0129303340331553,0.0129303340331553
2023-03-07,0.4576689920439619,0.45865521600226766,-0.0009862239583057764,0.0009862239583057764
2023-03-08,0.4704508688179524,0.43474472668637576,0.035706142131576635,0.035706142131576635
2023-03-09,0.4585001179779238,0.5228285289910813,-0.06432841101315756,0.06432841101315756
2023-03-10,0.4330869444753716,0.6731990392848227,-0.24011209480945112,0.24011209480945112
2023-03-13,0.4548132530430105,0.7061893488522162,-0.25137609580920567,0.25137609580920567
2023-03-14,0.4260035740081533,0.5603745210512167,-0.13437094704306335,0.13437094704306335
2023-03-15,0.4884210316091977,0.693140370419867,-0.20471933881066928,0.20471933881066928
2023-03-16,0.4054796997336871,0.4936390717912057,-0.08815937205751861,0.08815937205751861
2023-03-17,0.3760902327168136,0.5809789615547302,-0.2048887288379166,0.2048887288379166
2023-03-20,0.3496572900226899,0.5073290573220256,-0.15767176729933569,0.15767176729933569
2023-03-21,0.2845328677503901,0.42692735743083926,-0.14239448968044915,0.14239448968044915
2023-03-22,0.2487538386461779,0.4357797719957115,-0.1870259333495336,0.1870259333495336
2023-03-23,0.2604324807874955,0.4445268177950303,-0.1840943370075348,0.1840943370075348
2023-03-24,0.3341056557568952,0.4300500756190802,-0.095944419862185,0.095944419862185
2023-03-27,0.3382001387796631,0.4265772448362557,-0.0883771060565926,0.0883771060565926
2023-03-28,0.3496743815312785,0.471535055676769,-0.12186067414549051,0.12186067414549051
2023-03-29,0.2710701139853206,0.42124901707702295,-0.15017890309170234,0.15017890309170234
2023-03-30,0.2617461773921009,0.43605993300456114,-0.17431375561246026,0.17431375561246026
2023-03-31,0.1303417639063079,0.4227321185818261,-0.2923903546755182,0.2923903546755182
2023-04-03,0.1164227416317297,0.42055259217789764,-0.3041298505461679,0.3041298505461679
2023-04-04,0.0967606984476296,0.4107031992685992,-0.31394250082096964,0.31394250082096964
2023-04-05,0.2270213002457295,0.4240593287499294,-0.1970380285041999,0.1970380285041999
2023-04-06,0.2222687193146461,0.41996674839322584,-0.19769802907857975,0.19769802907857975
2023-04-10,0.2278136279185274,0.39865334052768675,-0.17083971260915934,0.17083971260915934
2023-04-11,0.2282164390820388,0.40313270613203633,-0.17491626704999752,0.17491626704999752
2023-04-12,0.2185363414728452,0.3961427229421023,-0.17760638146925709,0.17760638146925709
2023-04-13,0.1139972726914107,0.37294788337859425,-0.25895061068718356,0.25895061068718356
2023-04-14,0.1100881683806767,0.3714605406699735,-0.26137237228929683,0.26137237228929683
2023-04-17,0.0977569368428334,0.3617026182725352,-0.26394568142970176,0.26394568142970176
2023-04-18,0.2708845344536404,0.3280966298998223,-0.05721209544618189,0.05721209544618189
2023-04-19,0.277685461853403,0.30938586709762733,-0.03170040524422435,0.03170040524422435
2023-04-20,0.4034182558944716,0.3582316324539998,0.04518662344047181,0.04518662344047181
2023-04-21,0.4237516812504268,0.3143934161286138,0.10935826512181296,0.10935826512181296
2023-04-24,0.4235805547378554,0.32093908523069214,0.10264146950716324,0.10264146950716324
2023-04-25,0.3868324020261083,0.44794652175396643,-0.06111411972785813,0.06111411972785813
2023-04-26,0.3979140848245683,0.44797162245334793,-0.050057537628779625,0.050057537628779625
2023-04-27,0.2773863004841697,0.3532137905728517,-0.075827490088682,0.075827490088682
2023-04-28,0.3799574616188786,0.2907285173854098,0.08922894423346883,0.08922894423346883
2023-05-01,0.3799757468883056,0.29387926684388654,0.08609648004441905,0.08609648004441905
2023-05-02,0.3398021781158204,0.3519257143954257,-0.012123536279605274,0.012123536279605274
2023-05-03,0.3287561259614409,0.37347541122008765,-0.04471928525864677,0.04471928525864677
2023-05-04,0.3091602583704546,0.4488690265322804,-0.1397087681618258,0.1397087681618258
2023-05-05,0.1084605530005135,0.39325404791381163,-0.28479349491329814,0.28479349491329814
2023-05-08,0.1179448723818833,0.39325404791381163,-0.27530917553192835,0.27530917553192835
2023-05-09,0.1375426851959255,0.37293439322927313,-0.23539170803334764,0.23539170803334764
2023-05-10,0.2215524612891175,0.3543327119575317,-0.13278025066841417,0.13278025066841417
2023-05-11,0.2657616649613597,0.3578055427403562,-0.09204387777899647,0.09204387777899647
2023-05-12,0.2655638287823316,0.3712138723030389,-0.10565004352070734,0.10565004352070734
2023-05-15,0.261402791674423,0.3646682032009606,-0.10326541152653762,0.10326541152653762
2023-05-16,0.3001848642007668,0.3721781424683374,-0.07199327826757063,0.07199327826757063
2023-05-17,0.2617187198512536,0.33837349914510323,-0.07665477929384962,0.07665477929384962
2023-05-18,0.2557069886623892,0.3104996344416193,-0.0547926457792301,0.0547926457792301
2023-05-19,0.3274365872079059,0.3450572590404423,-0.017620671832536405,0.017620671832536405
2023-05-22,0.3274274432115659,0.3786632474131552,-0.0512358042015893,0.0512358042015893
2023-05-23,0.2908170412083443,0.4292136254624257,-0.1383965842540814,0.1383965842540814
2023-05-24,0.308561525358801,0.5140367978687221,-0.20547527250992115,0.20547527250992115
2023-05-25,0.3584990875990205,0.5239670063195376,-0.16546791872051714,0.16546791872051714
2023-05-26,0.2952608326586322,0.42017930032489653,-0.12491846766626435,0.12491846766626435
2023-05-30,0.297610285899704,0.4014561462645068,-0.10384586036480281,0.10384586036480281
2023-05-31,0.2877264512291435,0.3461960180187944,-0.05846956678965093,0.05846956678965093
2023-06-01,0.2610470677183176,0.28367506993417746,-0.022628002215859866,0.022628002215859866
2023-06-02,0.1265157458813292,0.3064083416709599,-0.17989259578963074,0.17989259578963074
2023-06-05,0.1915323385253723,0.3003160484769472,-0.10878370995157491,0.10878370995157491
2023-06-06,0.2175304940256494,0.31535264368674215,-0.09782214966109276,0.09782214966109276
2023-06-07,0.2093148033175672,0.3262803533356879,-0.1169655500181207,0.1169655500181207
2023-06-08,0.2667283742173441,0.3262803533356879,-0.05955197911834381,0.05955197911834381
2023-06-09,0.2724369509377755,0.3167917705537717,-0.044354819615996244,0.044354819615996244
2023-06-12,0.2412611691017165,0.3229222735970652,-0.08166110449534872,0.08166110449534872
2023-06-13,0.2305404110946163,0.32528133882637794,-0.09474092773176165,0.09474092773176165
2023-06-14,0.2375646219570266,0.30913924310590724,-0.07157462114888063,0.07157462114888063
2023-06-15,0.1854974523666651,0.30977399799971445,-0.12427654563304935,0.12427654563304935
2023-06-16,0.1899882826886008,0.30913924310590724,-0.11915096041730644,0.11915096041730644
2023-06-20,0.2512264353819531,0.30913924310590724,-0.05791280772395413,0.05791280772395413
2023-06-21,0.2370158497802312,0.2917527447163464,-0.054736894936115166,0.054736894936115166
2023-06-22,0.2402915931469354,0.29075373020703643,-0.050462137060101026,0.050462137060101026
2023-06-23,0.2834033645190604,0.3188727469113005,-0.03546938239224012,0.03546938239224012
2023-06-26,0.2748936415224543,0.34838361804086,-0.07348997651840566,0.07348997651840566
2023-06-27,0.2094003118813908,0.31857201344451713,-0.10917170156312633,0.10917170156312633
2023-06-28,0.2444590374936283,0.28830608938242797,-0.04384705188879967,0.04384705188879967
2023-06-29,0.2383573578650839,0.32026460133659623,-0.08190724347151232,0.08190724347151232
2023-06-30,0.1442061786084749,0.30977399799971445,-0.16556781939123955,0.16556781939123955
2023-07-03,0.1784067817128242,0.3348478029417429,-0.15644102122891868,0.15644102122891868
2023-07-05,0.211163379539469,0.33611955005697153,-0.12495617051750252,0.12495617051750252
2023-07-06,0.2158104919504974,0.46467035203394697,-0.24885986008344957,0.24885986008344957
2023-07-07,0.211575522622253,0.35007320500039324,-0.13849768237814025,0.13849768237814025
2023-07-10,0.216889976337097,0.38378593535026834,-0.16689595901317134,0.16689595901317134
2023-07-11,0.2198584420605491,0.3608624861236978,-0.1410040440631487,0.1410040440631487
2023-07-12,0.1897266459707485,0.2960012832711546,-0.1062746373004061,0.1062746373004061
2023-07-13,0.1721977240411645,0.3187515943731907,-0.14655387033202621,0.14655387033202621
2023-07-14,0.1715045707321099,0.2604803345952207,-0.08897576386311079,0.08897576386311079
2023-07-17,0.1725313612859194,0.3197047217305821,-0.14717336044466273,0.14717336044466273
2023-07-18,0.1381411136760464,0.285125407226698,-0.1469842935506516,0.1469842935506516
2023-07-19,0.1330088724462672,0.31870570722127217,-0.18569683477500498,0.18569683477500498
2023-07-20,0.1287515304639494,0.3187537950734076,-0.1900022646094582,0.1900022646094582
2023-07-21,0.2022327078205618,0.3157628233472085,-0.11353011552664671,0.11353011552664671
2023-07-24,0.1932778671759208,0.3157628233472085,-0.12248495617128771,0.12248495617128771
2023-07-25,0.1927695745400306,0.3377217135292093,-0.14495213898917872,0.14495213898917872
2023-07-26,0.293423105413733,0.29946457508531993,-0.006041469671586919,0.006041469671586919
2023-07-27,0.2779718569573342,0.35122239804532235,-0.07325054108798817,0.07325054108798817
2023-07-28,0.2450247764487629,0.30007830066393404,-0.05505352421517115,0.05505352421517115
2023-07-31,0.282545476535388,0.3277138070236826,-0.045168330488294606,0.045168330488294606
2023-08-01,0.2872982887607486,0.34127807067939875,-0.05397978191865016,0.05397978191865016
2023-08-02,0.2148737682484334,0.4717309699619792,-0.2568572017135458,0.2568572017135458
2023-08-03,0.2110600948934226,0.4045667826108676,-0.193506687717445,0.193506687717445
2023-08-04,0.1942128170596887,0.48456174103398086,-0.29034892397429213,0.29034892397429213
2023-08-07,0.160206770961904,0.45480498990700924,-0.29459821894510524,0.29459821894510524
2023-08-08,0.2348999266655932,0.41876330863857336,-0.18386338197298016,0.18386338197298016
2023-08-09,0.2389544771074946,0.368816802655206,-0.1298623255477114,0.1298623255477114
2023-08-10,0.268683647235171,0.368816802655206,-0.10013315542003498,0.10013315542003498
2023-08-11,0.268156396175782,0.3607527843074268,-0.09259638813164478,0.09259638813164478
2023-08-14,0.2747117443647735,0.36869113076284943,-0.0939793863980759,0.0939793863980759
2023-08-15,0.2083293152252235,0.40858137717468823,-0.20025206194946474,0.20025206194946474
2023-08-16,0.243539616203085,0.4215624436002519,-0.1780228273971669,0.1780228273971669
2023-08-17,0.3007788594008033,0.5111230261830156,-0.21034416678221235,0.21034416678221235
2023-08-18,0.318997672849291,0.47712185093130327,-0.1581241780820123,0.1581241780820123
2023-08-21,0.3158224404414812,0.5046056408586524,-0.18878320041717123,0.18878320041717123
2023-08-22,0.3874003080348898,0.4480892716187654,-0.0606889635838756,0.0606889635838756
2023-08-23,0.3512295906668177,0.3365445427617921,0.014685047905025617,0.014685047905025617
2023-08-24,0.2788225987168803,0.40618839404510637,-0.12736579532822606,0.12736579532822606
2023-08-25,0.2593436446069727,0.3421231884488198,-0.0827795438418471,0.0827795438418471
2023-08-28,0.2487621304032081,0.32277122290746163,-0.07400909250425353,0.07400909250425353
2023-08-29,0.1480943132355192,0.3426551582811309,-0.19456084504561172,0.19456084504561172
2023-08-30,0.1443972637943051,0.31535264368674215,-0.17095537989243706,0.17095537989243706
2023-08-31,0.1439410302416553,0.3107730125090244,-0.1668319822673691,0.1668319822673691
2023-09-01,0.1766931458386124,0.2736532112804105,-0.09696006544179808,0.09696006544179808
2023-09-05,0.1870594842025076,0.31550369437634573,-0.12844421017383814,0.12844421017383814
2023-09-06,0.1518070909830072,0.3690019756817798,-0.21719488469877257,0.21719488469877257
2023-09-07,0.1954388449346847,0.371866505046687,-0.1764276601120023,0.1764276601120023
2023-09-08,0.2745938045885416,0.3690019756817798,-0.09440817109323818,0.09440817109323818
2023-09-11,0.2534108728275792,0.36544561853159035,-0.11203474570401117,0.11203474570401117
2023-09-12,0.2390882897687142,0.34204625789312826,-0.10295796812441405,0.10295796812441405
2023-09-13,0.2814747675380846,0.318604656484573,-0.03712988894648839,0.03712988894648839
2023-09-14,0.3610872106318805,0.2816525764438735,0.079434634188007,0.079434634188007
2023-09-15,0.3065900755190144,0.3288813409988662,-0.022291265479851774,0.022291265479851774
2023-09-18,0.31293577773541,0.34204625789312826,-0.029110480157718277,0.029110480157718277
2023-09-19,0.3902408977493208,0.3369653430217665,0.0532755547275543,0.0532755547275543
2023-09-20,0.3603447849244128,0.361745621705981,-0.0014008367815682155,0.0014008367815682155
2023-09-21,0.2638837160877233,0.5120455309613298,-0.24816181487360645,0.24816181487360645
2023-09-22,0.2648746986022317,0.4985448464452169,-0.23367014784298523,0.23367014784298523
2023-09-25,0.257095022094245,0.5063158345846986,-0.24922081249045364,0.24922081249045364
2023-09-26,0.2425602846174097,0.5354141718394299,-0.29285388722202016,0.29285388722202016
2023-09-27,0.2743402680607981,0.5296844754627985,-0.2553442074020004,0.2553442074020004
2023-09-28,0.2588270073732843,0.42482011268070863,-0.16599310530742434,0.16599310530742434
2023-09-29,0.316073159126454,0.4523039026080577,-0.1362307434816037,0.1362307434816037
2023-10-02,0.3314391356771909,0.4523039026080577,-0.12086476693086678,0.12086476693086678
2023-10-03,0.2615073381720576,0.48531299218598223,-0.2238056540139246,0.2238056540139246
2023-10-04,0.237845007053034,0.4504306921877496,-0.21258568513471562,0.21258568513471562
2023-10-05,0.2569731997448167,0.47536866482005863,-0.21839546507524193,0.21839546507524193
2023-10-06,0.1940333281709215,0.42937957968309315,-0.23534625151217164,0.23534625151217164
2023-10-09,0.2359776250441972,0.4003461262607359,-0.1643685012165387,0.1643685012165387
2023-10-10,0.2211070134930506,0.36808422586242523,-0.14697721236937464,0.14697721236937464
2023-10-11,0.3002089659094836,0.34468123670052936,-0.044472270791045765,0.044472270791045765
2023-10-12,0.3138787962223165,0.3624630963204898,-0.04858430009817327,0.04858430009817327
2023-10-13,0.3640918496998441,0.49486570061531926,-0.13077385091547516,0.13077385091547516
2023-10-16,0.3244877176221642,0.39507007018389284,-0.07058235256172862,0.07058235256172862
2023-10-17,0.3442342548113208,0.4247999485053754,-0.08056569369405459,0.08056569369405459
2023-10-18,0.3538442743979625,0.5497380219192105,-0.195893747521248,0.195893747521248
2023-10-19,0.3776524696775942,0.5354141718394299,-0.15776170216183566,0.15776170216183566
2023-10-20,0.3286847644364429,0.5440083255425795,-0.2153235611061366,0.2153235611061366
2023-10-23,0.3784624051141275,0.5359547031880763,-0.15749229807394877,0.15749229807394877
2023-10-24,0.3748646957116605,0.44070040659696164,-0.06583571088530116,0.06583571088530116
2023-10-25,0.3398214668758794,0.47589415635712584,-0.13607268948124646,0.13607268948124646
2023-10-26,0.4095556181959706,0.47016445998049455,-0.06060884178452397,0.06060884178452397
2023-10-27,0.4288715709840792,0.47016445998049455,-0.04129288899641537,0.04129288899641537
2023-10-30,0.3857286110327977,0.46902662201495154,-0.08329801098215384,0.08329801098215384
2023-10-31,0.3745883195197426,0.47016445998049455,-0.09557614046075197,0.09557614046075197
2023-11-01,0.3362222474717286,0.3679716306804421,-0.03174938320871351,0.03174938320871351
2023-11-02,0.2041722299015655,0.3872433842376937,-0.18307115433612822,0.18307115433612822
2023-11-03,0.2831361520511519,0.32520047354150383,-0.04206432149035194,0.04206432149035194
2023-11-06,0.2820801875709456,0.3439061394037068,-0.06182595183276118,0.06182595183276118
2023-11-07,0.4092850450477831,0.32520047354150383,0.0840845715062793,0.0840845715062793
2023-11-08,0.4097581634452419,0.33707571876150516,0.07268244468373675,0.07268244468373675
2023-11-09,0.3894305765093672,0.3281136168470605,0.061316959662306714,0.061316959662306714
2023-11-10,0.3025892219255005,0.35705171874212693,-0.05446249681662646,0.05446249681662646
2023-11-13,0.324108691195574,0.3660974052076073,-0.0419887140120333,0.0419887140120333
2023-11-14,0.1269084652308287,0.35508356209913283,-0.22817509686830414,0.22817509686830414
2023-11-15,0.1400117777411932,0.34682993853133476,-0.20681816079014156,0.20681816079014156
2023-11-16,0.139055374952089,0.3351981551203914,-0.19614278016830242,0.19614278016830242
2023-11-17,0.1410211801707128,0.31479093890287235,-0.17376975873215955,0.17376975873215955
2023-11-20,0.0804142596128667,0.30939707757510543,-0.22898281796223874,0.22898281796223874
2023-11-21,0.0752395655823413,0.29568218723782186,-0.22044262165548056,0.22044262165548056
2023-11-22,0.0715308050462187,0.29221282507789975,-0.22068202003168105,0.22068202003168105
2023-11-24,0.1169199848583214,0.2822873313376807,-0.1653673464793593,0.1653673464793593
2023-11-27,0.1418362158390766,0.28128831682837074,-0.13945210098929414,0.13945210098929414
2023-11-28,0.1412702620215113,0.29088960218926146,-0.14961934016775016,0.14961934016775016
2023-11-29,0.1535952279189736,0.27007923284023255,-0.11648400492125896,0.11648400492125896
2023-11-30,0.1893936981050894,0.29025484729545425,-0.10086114919036485,0.10086114919036485
2023-12-01,0.1773021648066167,0.28590212246492813,-0.10859995765831143,0.10859995765831143
2023-12-04,0.1670049924949475,0.26098772463325237,-0.09398273213830488,0.09398273213830488
2023-12-05,0.1819761926655876,0.27903721443135066,-0.09706102176576306,0.09706102176576306
2023-12-06,0.2749193250637328,0.28767133448862076,-0.012752009424887967,0.012752009424887967
2023-12-07,0.2479280268893812,0.2986042911911873,-0.050676264301806107,0.050676264301806107
2023-12-08,0.2392912864468776,0.28767133448862076,-0.048380048041743146,0.048380048041743146
2023-12-11,0.2419469615226593,0.28727714217586475,-0.04533018065320546,0.04533018065320546
2023-12-12,0.2487044791109323,0.28727714217586475,-0.038572663064932455,0.038572663064932455
2023-12-13,0.2658486752600651,0.2902200260499284,-0.0243713507898633,0.0243713507898633
2023-12-14,0.3088428744808707,0.2535443167125463,0.05529855776832443,0.05529855776832443
2023-12-15,0.3099609401949626,0.261591470843963,0.048369469350999617,0.048369469350999617
2023-12-18,0.3089096882455068,0.2632602746944648,0.04564941355104202,0.04564941355104202
2023-12-19,0.2954965610026108,0.265484831673066,0.030011729329544767,0.030011729329544767
2023-12-20,0.1794596960962959,0.30552116633294024,-0.12606147023664435,0.12606147023664435
2023-12-21,0.0880636136084963,0.2927175749913403,-0.20465396138284403,0.20465396138284403
2023-12-22,0.1232170403986082,0.25935702388168613,-0.13613998348307793,0.13613998348307793
2023-12-26,0.1643578681462089,0.2507229038244158,-0.08636503567820691,0.08636503567820691
2023-12-27,0.1716706140202822,0.2414165031754273,-0.0697458891551451,0.0697458891551451
2023-12-28,0.1739962307891409,0.25188304638417514,-0.07788681559503424,0.07788681559503424
2023-12-29,0.278855949259721,0.25315240325303295,0.02570354600668806,0.02570354600668806
2024-01-02,0.2649364002796736,0.20374221171218376,0.061194188567489816,0.061194188567489816
2024-01-03,0.2488191840798083,0.2390033753849408,0.009815808694867506,0.009815808694867506
2024-01-04,0.2430069085915653,0.24585367758580842,-0.002846768994243132,0.002846768994243132
2024-01-05,0.2415698158184293,0.22058161055730569,0.020988205261123605,0.020988205261123605
2024-01-08,0.1112329771364432,0.20110870462269523,-0.08987572748625203,0.08987572748625203
2024-01-09,0.140772546033302,0.19760647057160038,-0.056833924538298386,0.056833924538298386
2024-01-10,0.1764658258005201,0.19005099766877098,-0.013585171868250895,0.013585171868250895
2024-01-11,0.2622404972183035,0.18701871426875802,0.07522178294954548,0.07522178294954548
2024-01-12,0.2642702511599896,0.18726238170739154,0.07700786945259805,0.07700786945259805
2024-01-16,0.2616515433060579,0.21333700352543716,0.048314539780620724,0.048314539780620724
2024-01-17,0.2462360379719492,0.29326220594464625,-0.04702616797269704,0.04702616797269704
2024-01-18,0.2195475301655612,0.20812561918237768,0.011421910983183514,0.011421910983183514
2024-01-19,0.1027852042345511,0.18691813364122384,-0.08413292940667273,0.08413292940667273
2024-01-22,0.1537418027307022,0.18756445513041348,-0.03382265239971127,0.03382265239971127
2024-01-23,0.1469118178786561,0.18790870319658118,-0.040996885317925086,0.040996885317925086
2024-01-24,0.2963994845027309,0.18790870319658118,0.10849078130614973,0.10849078130614973
2024-01-25,0.3460714714851722,0.18790870319658118,0.15816276828859102,0.15816276828859102
2024-01-26,0.3848658134107063,0.18790870319658118,0.19695711021412513,0.19695711021412513
2024-01-29,0.369331788985379,0.20429297480824626,0.16503881417713273,0.16503881417713273
2024-01-30,0.3710216829757981,0.18477583916903403,0.18624584380676404,0.18624584380676404
2024-01-31,0.2969809463416951,0.24023797744252698,0.056742968899168106,0.056742968899168106
2024-02-01,0.2223293848635996,0.21028786636860533,0.012041518494994269,0.012041518494994269
2024-02-02,0.170965691626038,0.20719653665014476,-0.036230845024106756,0.036230845024106756
2024-02-05,0.1639807272635637,0.21973701417862274,-0.055756286915059045,0.055756286915059045
2024-02-06,0.2707775717191049,0.19180650374432595,0.07897106797477893,0.07897106797477893
2024-02-07,0.2815155703064648,0.18726238170739154,0.09425318859907325,0.09425318859907325
2024-02-08,0.296072918751059,0.18208464601198124,0.11398827273907777,0.11398827273907777
2024-02-09,0.2919577968802087,0.19005099766877098,0.10190679921143769,0.10190679921143769
2024-02-12,0.306847121176934,0.20836231419907142,0.0984848069778626,0.0984848069778626
2024-02-13,0.2162972074152531,0.30587650562931273,-0.08957929821405963,0.08957929821405963
2024-02-14,0.3660387416041312,0.21150251571215367,0.15453622589197752,0.15453622589197752
2024-02-15,0.3542946671084199,0.2077484448090451,0.14654622229937478,0.14654622229937478
2024-02-16,0.3511545678794233,0.2353972289417715,0.11575733893765178,0.11575733893765178
2024-02-20,0.3389675521157282,0.25147667821933456,0.08749087389639365,0.08749087389639365
2024-02-21,0.3393975835790432,0.22674311338806313,0.11265447019098007,0.11265447019098007
2024-02-22,0.1092643188100779,0.21059601449213658,-0.10133169568205867,0.10133169568205867
2024-02-23,0.1671504398346492,0.21030054321028002,-0.04315010337563083,0.04315010337563083
2024-02-26,0.157070857295782,0.21030054321028002,-0.05322968591449803,0.05322968591449803
2024-02-27,0.2244784357614909,0.19048369562075604,0.033994740140734864,0.033994740140734864
2024-02-28,0.23732509515737,0.2098582126633341,0.027466882494035894,0.027466882494035894
2024-02-29,0.2755930723895163,0.20573400881595416,0.06985906357356214,0.06985906357356214
2024-03-01,0.2659543028406128,0.18701871426875802,0.07893558857185476,0.07893558857185476
2024-03-04,0.2658762163458264,0.20677951734660377,0.05909669899922265,0.05909669899922265
2024-03-05,0.2747884846787756,0.21269068203624752,0.062097802642528066,0.062097802642528066
2024-03-06,0.2642296259148884,0.20651384275145893,0.057715783163429485,0.057715783163429485
2024-03-07,0.2131141399494572,0.20458312868233464,0.008531011267122551,0.008531011267122551
2024-03-08,0.2127592686731838,0.21409619632067214,-0.0013369276474883562,0.0013369276474883562
2024-03-11,0.2344031636259484,0.26547411424200174,-0.031070950616053333,0.031070950616053333
2024-03-12,0.1779648937369269,0.20747232527124826,-0.029507431534321366,0.029507431534321366
2024-03-13,0.2248092923778596,0.20677951734660377,0.01802977503125583,0.01802977503125583
2024-03-14,0.2260250155917438,0.22464487203706146,0.0013801435546823282,0.0013801435546823282
2024-03-15,0.2022953921626863,0.22464487203706146,-0.02234947987437516,0.02234947987437516
2024-03-18,0.1824455056883994,0.20446897108359577,-0.022023465395196368,0.022023465395196368
2024-03-19,0.1651375127373494,0.22084869753547004,-0.05571118479812065,0.05571118479812065
2024-03-20,0.1614854734361588,0.18701871426875802,-0.025533240832599224,0.025533240832599224
2024-03-21,0.1541428716069019,0.18790870319658118,-0.033765831589679274,0.033765831589679274
2024-03-22,0.1558447860348,0.18790870319658118,-0.03206391716178117,0.03206391716178117
2024-03-25,0.1876983206269779,0.18790870319658118,-0.00021038256960329016,0.00021038256960329016
2024-03-26,0.1831648412470243,0.18983941726570547,-0.006674576018681155,0.006674576018681155
2024-03-27,0.2318523377876487,0.19760647057160038,0.034245867216048304,0.034245867216048304
2024-03-28,0.290077840915727,0.19825279206079002,0.091825048854937,0.091825048854937
2024-04-01,0.2883691378842264,0.21240052816215918,0.07596860972206723,0.07596860972206723
2024-04-02,0.26529318249175,0.21361503883377142,0.05167814365797857,0.05167814365797857
2024-04-03,0.3046855319617137,0.2161256194868166,0.08855991247489711,0.08855991247489711
2024-04-04,0.2605397590202753,0.30889515241421117,-0.04835539339393585,0.04835539339393585
2024-04-05,0.3021896395809771,0.3112251252833746,-0.009035485702397483,0.009035485702397483
2024-04-08,0.3579702796292046,0.2504275255301084,0.1075427540990962,0.1075427540990962
2024-04-09,0.3587268739469484,0.22873793595607841,0.12998893799087,0.12998893799087
2024-04-10,0.3382336356664109,0.2616794138226915,0.0765542218437194,0.0765542218437194
2024-04-11,0.3190134914837061,0.21858551093430237,0.10042798054940374,0.10042798054940374
2024-04-12,0.2590957087689532,0.3083932267094727,-0.04929751794051951,0.04929751794051951
2024-04-15,0.2220713544438004,0.3765320226817256,-0.15446066823792517,0.15446066823792517
2024-04-16,0.2896465980066295,0.3653539557826416,-0.07570735777601212,0.07570735777601212
2024-04-17,0.274658126153484,0.3705316914780518,-0.09587356532456781,0.09587356532456781
2024-04-18,0.2819710572486273,0.35330680255418984,-0.07133574530556253,0.07133574530556253
2024-04-19,0.2932661766879921,0.3340859860673187,-0.04081980937932661,0.04081980937932661
2024-04-22,0.2636251100219239,0.31740632839305705,-0.053781218371133144,0.053781218371133144
2024-04-23,0.3117742083596886,0.2532233392263111,0.05855086913337754,0.05855086913337754
2024-04-24,0.3165062538635732,0.23391976411071858,0.0825864897528546,0.0825864897528546
2024-04-25,0.3401216259296593,0.2312706110864244,0.10885101484323487,0.10885101484323487
2024-04-26,0.3590592437583267,0.22311692514052303,0.13594231861780368,0.13594231861780368
2024-04-29,0.3911280652638607,0.20771599270988178,0.1834120725539789,0.1834120725539789
2024-04-30,0.3001381639853643,0.27521476043808984,0.02492340354727446,0.02492340354727446
2024-05-01,0.2951244554300404,0.2658637282076766,0.02926072722236378,0.02926072722236378
2024-05-02,0.269792407677536,0.22625355611462017,0.043538851562915815,0.043538851562915815
2024-05-03,0.1850193099732871,0.21751564820781497,-0.032496338234527855,0.032496338234527855
2024-05-06,0.0874723398229487,0.2113796371701922,-0.1239072973472435,0.1239072973472435
2024-05-07,0.11430921991569,0.18924909356316985,-0.07493987364747985,0.07493987364747985
2024-05-08,0.2173849370116118,0.18924909356316985,0.028135843448441944,0.028135843448441944
2024-05-09,0.2045786624363807,0.18924909356316985,0.015329568873210853,0.015329568873210853
2024-05-10,0.2037388085811006,0.18701871426875802,0.016720094312342587,0.016720094312342587
2024-05-13,0.204221133635708,0.20677951734660377,-0.0025583837108957563,0.0025583837108957563
2024-05-14,0.1934172660542432,0.18701871426875802,0.006398551785485179,0.006398551785485179
2024-05-15,0.0712105674715933,0.18701871426875802,-0.11580814679716472,0.11580814679716472
2024-05-16,0.1334415970064412,0.18701871426875802,-0.053577117262316815,0.053577117262316815
2024-05-17,0.1724258387599124,0.18701871426875802,-0.01459287550884561,0.01459287550884561
2024-05-20,0.1718570023168309,0.18701871426875802,-0.015161711951927115,0.015161711951927115
2024-05-21,0.2043034833609684,0.18701871426875802,0.017284769092210384,0.017284769092210384
2024-05-22,0.2212242719616515,0.19760647057160038,0.023617801390051124,0.023617801390051124
2024-05-23,0.2263216232460801,0.21883991825653892,0.007481704989541177,0.007481704989541177
2024-05-24,0.1981653484026221,0.19736280313296686,0.0008025452696552304,0.0008025452696552304
2024-05-28,0.1995549687387418,0.1922370710337573,0.007317897704984477,0.007317897704984477
2024-05-29,0.2469851447507522,0.28443307331414136,-0.03744792856338916,0.03744792856338916
2024-05-30,0.227949853603921,0.28612631846394365,-0.05817646486002265,0.05817646486002265
2024-05-31,0.1901672920318516,0.19825279206079002,-0.00808550002893843,0.00808550002893843
2024-06-03,0.1937119308386378,0.2115667214095053,-0.0178547905708675,0.0178547905708675
2024-06-04,0.1969830341107774,0.2023582738629065,-0.005375239752129113,0.005375239752129113
2024-06-05,0.1480317561604471,0.17917855625418244,-0.031146800093735355,0.031146800093735355
2024-06-06,0.1525953560715317,0.18491742149182758,-0.032322065420295865,0.032322065420295865
2024-06-07,0.1516926171068778,0.18790870319658118,-0.03621608608970339,0.03621608608970339
2024-06-10,0.189807819190546,0.18790870319658118,0.0018991159939648339,0.0018991159939648339
2024-06-11,0.1891526558703233,0.18790870319658118,0.0012439526737421103,0.0012439526737421103
2024-06-12,0.1390024013565197,0.18790870319658118,-0.04890630184006148,0.04890630184006148
2024-06-13,0.136218913179907,0.18790870319658118,-0.051689790016674175,0.051689790016674175
2024-06-14,0.1445385000990704,0.18477583916903403,-0.04023733906996363,0.04023733906996363
2024-06-17,0.1004232497984339,0.18790870319658118,-0.08748545339814728,0.08748545339814728
2024-06-18,0.09544063160823,0.18790870319658118,-0.09246807158835117,0.09246807158835117
2024-06-20,0.0877736666427761,0.1851206029893085,-0.0973469363465324,0.0973469363465324
2024-06-21,0.1063384425363793,0.18670655323815832,-0.08036811070177903,0.08036811070177903
2024-06-24,0.1035962020216193,0.19288339252294695,-0.08928719050132765,0.08928719050132765
2024-06-25,0.128299758034269,0.19825279206079002,-0.06995303402652103,0.06995303402652103
2024-06-26,0.1493996320412405,0.20374221171218376,-0.054342579670943275,0.054342579670943275
2024-06-27,0.1719131048157797,0.20696876156405178,-0.035055656748272074,0.035055656748272074
2024-06-28,0.1599835678017531,0.19859755588106448,-0.03861398807931138,0.03861398807931138
2024-07-01,0.1547056752880847,0.19048444329223796,-0.03577876800415325,0.03577876800415325
2024-07-02,0.2007858472398724,0.19127955189755705,0.00950629534231534,0.00950629534231534
2024-07-03,0.2309882105047309,0.18825346701685564,0.04273474348787526,0.04273474348787526
2024-07-05,0.2313926933551746,0.18825346701685564,0.04313922633831896,0.04313922633831896
2024-07-08,0.2351371889101288,0.18825346701685564,0.04688372189327317,0.04688372189327317
2024-07-09,0.2556824941030173,0.19000951908162053,0.06567297502139677,0.06567297502139677
2024-07-10,0.2982468320581242,0.18477583916903403,0.11347099288909016,0.11347099288909016
2024-07-11,0.291455635595429,0.18477583916903403,0.10667979642639494,0.10667979642639494
2024-07-12,0.3004305345582799,0.18790870319658118,0.11252183136169872,0.11252183136169872
2024-07-15,0.3424726694590182,0.18477583916903403,0.15769683028998419,0.15769683028998419
2024-07-16,0.328143155426112,0.18477583916903403,0.14336731625707796,0.14336731625707796
2024-07-17,0.4431043601521331,0.2350265930994675,0.20807776705266562,0.20807776705266562
2024-07-18,0.4330395783984721,0.31012975447179736,0.12290982392667477,0.12290982392667477
2024-07-19,0.4530325213344436,0.3101516392941631,0.1428808820402805,0.1428808820402805
2024-07-22,0.4199629456365056,0.2999732369907915,0.11998970864571412,0.11998970864571412
2024-07-23,0.4265993616947249,0.23615407207555786,0.19044528961916704,0.19044528961916704
2024-07-24,0.3250082719988819,0.36202627560841816,-0.037018003609536276,0.037018003609536276
2024-07-25,0.3831971258639716,0.37775467451778866,0.0054424513461829305,0.0054424513461829305
2024-07-26,0.4504724164008397,0.27521476043808984,0.17525765596274984,0.17525765596274984
2024-07-29,0.6603496970036413,0.3088881952448623,0.35146150175877905,0.35146150175877905
2024-07-30,0.6756998015637098,0.3515020504669589,0.32419775109675086,0.32419775109675086
2024-07-31,0.640222852270229,0.24779261557670476,0.3924302366935243,0.3924302366935243
2024-08-01,0.7019682548430204,0.3518789209629627,0.3500893338800577,0.3500893338800577
2024-08-02,0.6414770356794076,0.5173370690539311,0.12413996662547655,0.12413996662547655
2024-08-05,0.4221260113227241,0.8744781421062742,-0.4523521307835501,0.4523521307835501
2024-08-06,0.4709480934956366,0.7602399282537511,-0.2892918347581145,0.2892918347581145
2024-08-07,0.4585511605157643,0.7422553490343912,-0.2837041885186269,0.2837041885186269
2024-08-08,0.3795182391839999,0.49971355289290725,-0.12019531370890735,0.12019531370890735
2024-08-09,0.3735715610067575,0.40715535435461536,-0.03358379334785788,0.03358379334785788
2024-08-12,0.4039126868773356,0.378530135603305,0.025382551274030607,0.025382551274030607
2024-08-13,0.3062659405003474,0.34731231906664456,-0.04104637856629717,0.04104637856629717
2024-08-14,0.3076343043162514,0.293143602956181,0.014490701360070357,0.014490701360070357
2024-08-15,0.2244560239490063,0.2415499598276113,-0.017093935878605,0.017093935878605
2024-08-16,0.2867718058996249,0.23202785764589556,0.05474394825372936,0.05474394825372936
2024-08-19,0.2473098587064612,0.20426181509075414,0.04304804361570705,0.04304804361570705
2024-08-20,0.2465926116221423,0.26633613327040706,-0.01974352164826476,0.01974352164826476
2024-08-21,0.2556386885183607,0.27615428699184585,-0.020515598473485164,0.020515598473485164
2024-08-22,0.2122782280617468,0.35746967236848953,-0.14519144430674275,0.14519144430674275
2024-08-23,0.193966989750159,0.27425602502188484,-0.08028903527172584,0.08028903527172584
2024-08-26,0.3876567738954509,0.2889830523464261,0.09867372154902482,0.09867372154902482
2024-08-27,0.3876669940523371,0.27580123982760946,0.11186575422472766,0.11186575422472766
2024-08-28,0.3788592031539836,0.3469212438843238,0.031937959269659755,0.031937959269659755
2024-08-29,0.4689616818293301,0.30794014625531446,0.16102153557401566,0.16102153557401566
2024-08-30,0.4774056807622299,0.28941242309132126,0.18799325767090863,0.18799325767090863
2024-09-03,0.3431704488019518,0.392833157174364,-0.04966270837241221,0.04966270837241221
2024-09-04,0.3814162750995911,0.392833157174364,-0.011416882074772927,0.011416882074772927
2024-09-05,0.3965197979167125,0.392231044113995,0.004288753802717482,0.004288753802717482
2024-09-06,0.2969281754406695,0.41567226302810517,-0.11874408758743565,0.11874408758743565
2024-09-09,0.2348577960854716,0.39744931211810663,-0.16259151603263503,0.16259151603263503
2024-09-10,0.2239579089124662,0.41224316067822864,-0.18828525176576244,0.18828525176576244
2024-09-11,0.15465047242747,0.3326017573657932,-0.17795128493832324,0.17795128493832324
2024-09-12,0.2850964009184427,0.3220553699688683,-0.036958969050425616,0.036958969050425616
2024-09-13,0.2736816299002618,0.23710345595881085,0.03657817394145094,0.03657817394145094
2024-09-16,0.2765635308478741,0.2790468814945266,-0.0024833506466525046,0.0024833506466525046
2024-09-17,0.2793829235612138,0.2838859906044242,-0.004503067043210407,0.004503067043210407
2024-09-18,0.2771446682329452,0.31070939239706213,-0.03356472416411693,0.03356472416411693
2024-09-19,0.0974049453609623,0.2829210777457962,-0.18551613238483394,0.18551613238483394
2024-09-20,0.0945132612331261,0.25218059351831434,-0.15766733228518826,0.15766733228518826
2024-09-23,0.1070206898311275,0.24195125239654883,-0.13493056256542132,0.13493056256542132
2024-09-24,0.1788380459845548,0.23005527164338965,-0.05121722565883485,0.05121722565883485
2024-09-25,0.1763896853208535,0.23005527164338965,-0.05366558632253615,0.05366558632253615
2024-09-26,0.1665330748960151,0.2368322867624338,-0.07029921186641871,0.07029921186641871
2024-09-27,0.2177934058071489,0.2819953212277108,-0.06420191542056192,0.06420191542056192
2024-09-30,0.2575089746746704,0.27548317812440537,-0.017974203449734993,0.017974203449734993
2024-10-01,0.2600531807536659,0.3834478973710965,-0.12339471661743062,0.12339471661743062
2024-10-02,0.283344270347436,0.3881935079537513,-0.10484923760631532,0.10484923760631532
2024-10-03,0.283993782702888,0.39811598580995444,-0.11412220310706644,0.11412220310706644
2024-10-04,0.2640633231592929,0.363996636943502,-0.09993331378420911,0.09993331378420911
2024-10-07,0.2473958626176357,0.44150188102262206,-0.19410601840498637,0.19410601840498637
2024-10-08,0.2290778261348753,0.39488687694385594,-0.16580905080898065,0.16580905080898065
2024-10-09,0.2128544322280431,0.3929561628747317,-0.18010173064668858,0.18010173064668858
2024-10-10,0.2103146992109228,0.3086832186988799,-0.09836851948795708,0.09836851948795708
2024-10-11,0.1975286586592621,0.31386095439429007,-0.11633229573502796,0.11633229573502796
2024-10-14,0.1581148814162421,0.31386095439429007,-0.15574607297804796,0.15574607297804796
2024-10-15,0.1017535021281325,0.31386095439429007,-0.21210745226615757,0.21210745226615757
2024-10-16,0.1623220842297476,0.31386095439429007,-0.15153887016454248,0.15153887016454248
2024-10-17,0.1658279056089347,0.31386095439429007,-0.14803304878535536,0.14803304878535536
2024-10-18,0.1535000940542362,0.29356782019628674,-0.14006772614205054,0.14006772614205054
2024-10-21,0.1564941177049812,0.3331937861078221,-0.17669966840284088,0.17669966840284088
2024-10-22,0.1583952918400273,0.3175703327338414,-0.1591750408938141,0.1591750408938141
2024-10-23,0.0797285164950085,0.343705536822311,-0.26397702032730247,0.26397702032730247
2024-10-24,0.3068757072726013,0.3503148765987983,-0.043439169326197014,0.043439169326197014
2024-10-25,0.3136138993207636,0.39261744324505227,-0.07900354392428866,0.07900354392428866
2024-10-28,0.3139827447151029,0.34930237996467206,-0.03531963524956916,0.03531963524956916
2024-10-29,0.3679434520971981,0.34440579739891497,0.023537654698283117,0.023537654698283117
2024-10-30,0.5384164415937439,0.33132105357108127,0.20709538802266264,0.20709538802266264
2024-10-31,0.4633917034424358,0.471058015956662,-0.007666312514226226,0.007666312514226226
2024-11-01,0.4626787893931546,0.3533255979836378,0.10935319140951683,0.10935319140951683
2024-11-04,0.4607707198513439,0.39106342934125893,0.06970729051008495,0.06970729051008495
2024-11-05,0.420680011936055,0.35053698202225825,0.07014302991379673,0.07014302991379673
2024-11-06,0.1404337257743101,0.26398767430727127,-0.12355394853296117,0.12355394853296117
2024-11-07,0.1232367302415711,0.2314762868978826,-0.1082395566563115,0.1082395566563115
2024-11-08,0.2369873244273208,0.22663795100419928,0.010349373423121505,0.010349373423121505
2024-11-11,0.244498451607486,0.22525914509397535,0.019239306513510662,0.019239306513510662
2024-11-12,0.2482097328633295,0.2213702553149351,0.026839477548394414,0.026839477548394414
2024-11-13,0.2481825922973279,0.21360518652352223,0.034577405773805664,0.034577405773805664
2024-11-14,0.2438532002544429,0.2496327206692345,-0.0057795204147916,0.0057795204147916
2024-11-15,0.1340358134534142,0.28241688099246015,-0.14838106753904595,0.14838106753904595
2024-11-18,0.128081069575801,0.2842882954505536,-0.1562072258747526,0.1562072258747526
2024-11-19,0.1437546343796344,0.2817433469278076,-0.13798871254817321,0.13798871254817321
2024-11-20,0.1559503982482596,0.3664963389408523,-0.21054594069259272,0.21054594069259272
2024-11-21,0.1582790404386327,0.3570084963179409,-0.1987294558793082,0.1987294558793082
2024-11-22,0.1534242125347004,0.22402454303638916,-0.07060033050168876,0.07060033050168876
2024-11-25,0.1459391944569075,0.21064796478894718,-0.06470877033203967,0.06470877033203967
2024-11-26,0.1492203872644422,0.21064796478894718,-0.06142757752450498,0.06142757752450498
2024-11-27,0.1396211675855992,0.21064796478894718,-0.07102679720334798,0.07102679720334798
2024-11-29,0.1147987236177523,0.20354456820321665,-0.08874584458546435,0.08874584458546435
2024-12-02,0.1457528187076275,0.18736347808903248,-0.041610659381404985,0.041610659381404985
2024-12-03,0.1530126183670118,0.19358061989293973,-0.04056800152592793,0.04056800152592793
2024-12-04,0.1758059912995326,0.18963149971086526,-0.013825508411332676,0.013825508411332676
2024-12-05,0.1935249249742339,0.20777060265606787,-0.014245677681833963,0.014245677681833963
2024-12-06,0.1894379453465738,0.18825346701685564,0.0011844783297181583,0.0011844783297181583
2024-12-09,0.1730270638438507,0.22435450971385726,-0.051327445870006566,0.051327445870006566
2024-12-10,0.177468438665826,0.229843929365251,-0.05237549069942499,0.05237549069942499
2024-12-11,0.4905807144321343,0.22341803435057928,0.267162680081555,0.267162680081555
2024-12-12,0.4831474377633737,0.2402278695030705,0.2429195682603032,0.2429195682603032
2024-12-13,0.5127198088915601,0.24360757999181765,0.26911222889974246,0.26911222889974246
2024-12-16,0.5220568911186372,0.22657735950152474,0.29547953161711243,0.29547953161711243
2024-12-17,0.5469550102665939,0.2624313254331008,0.28452368483349305,0.28452368483349305
2024-12-18,0.2708496700966901,0.6571003091694775,-0.3862506390727874,0.3862506390727874
2024-12-19,0.3229807879199071,0.6139928854751467,-0.29101209755523966,0.29101209755523966
2024-12-20,0.3225531467664043,0.4081779132492793,-0.08562476648287504,0.08562476648287504
2024-12-23,0.3088712008336587,0.35828084952390876,-0.04940964869025005,0.04940964869025005
2024-12-24,0.2574045624433668,0.24449461404893205,0.01290994839443474,0.01290994839443474
2024-12-26,0.325114771734029,0.2147326654996126,0.11038210623441638,0.11038210623441638
2024-12-27,0.2867755300368346,0.24039723849275557,0.04637829154407902,0.04637829154407902
2024-12-30,0.290663386866451,0.3393828224777838,-0.048719435611332795,0.048719435611332795
2024-12-31,0.2836393698571574,0.3379946597677417,-0.054355289910584303,0.054355289910584303
2025-01-02,0.3741559548545269,0.3654914865269865,0.00866446832754042,0.00866446832754042
2025-01-03,0.3180143953223083,0.3136873799977288,0.0043270153245795195,0.0043270153245795195
2025-01-06,0.3062311300164207,0.3130109119652513,-0.00677978194883061,0.00677978194883061
2025-01-07,0.3812433288663558,0.3666673248095324,0.01457600405682341,0.01457600405682341
2025-01-08,0.3819175643353079,0.34069944934174706,0.04121811499356082,0.04121811499356082
2025-01-10,0.3316266262219031,0.407229701571364,-0.07560307534946092,0.07560307534946092
2025-01-13,0.3585490113253566,0.403415652287291,-0.04486664096193438,0.04486664096193438
2025-01-14,0.3710292343662171,0.4049556930891016,-0.03392645872288452,0.03392645872288452
2025-01-15,0.2484987823071656,0.3054559606928439,-0.05695717838567832,0.05695717838567832
2025-01-16,0.2503691726223835,0.35390498417103783,-0.10353581154865432,0.10353581154865432
2025-01-17,0.303553570357565,0.29281316627920084,0.01074040407836413,0.01074040407836413
2025-01-21,0.3068473820440672,0.22873108681389492,0.07811629523017227,0.07811629523017227
2025-01-22,0.3004362557838029,0.23508059194022043,0.06535566384358246,0.06535566384358246
2025-01-23,0.3002684562795235,0.23171783223534972,0.06855062404417375,0.06855062404417375
2025-01-24,0.3074930754874183,0.23325175776198506,0.07424131772543321,0.07424131772543321
2025-01-27,0.2342788195308404,0.35102624773735736,-0.11674742820651696,0.11674742820651696
2025-01-28,0.2161713729710444,0.3041252878971161,-0.08795391492607171,0.08795391492607171
2025-01-29,0.2121847106735226,0.33286705164972663,-0.12068234097620403,0.12068234097620403
2025-01-30,0.2034223013078226,0.29370859546341865,-0.09028629415559605,0.09028629415559605
2025-01-31,0.2402500442262473,0.33639717217486814,-0.09614712794862085,0.09614712794862085
2025-02-03,0.2330212237226178,0.31105226703677263,-0.07803104331415484,0.07803104331415484
2025-02-04,0.203145906741632,0.3094608255885382,-0.10631491884690622,0.10631491884690622
2025-02-05,0.1982628435446237,0.2601053464535759,-0.06184250290895221,0.06184250290895221
2025-02-06,0.2511676730880262,0.255965545082149,-0.004797871994122849,0.004797871994122849
2025-02-07,0.2007386715539219,0.2776981150620517,-0.07695944350812983,0.07695944350812983
2025-02-10,0.1746987912438422,0.23624169493529953,-0.061542903691457346,0.061542903691457346
2025-02-11,0.1786367055653561,0.23917355523384737,-0.060536849668491266,0.060536849668491266
2025-02-12,0.1865227017768684,0.25188997771717947,-0.06536727594031108,0.06536727594031108
2025-02-13,0.2869308344613721,0.23217413514317048,0.054756699318201596,0.054756699318201596
2025-02-14,0.2976264403867806,0.2319174396668985,0.06570900071988209,0.06570900071988209
2025-02-18,0.3043410468685013,0.23038351414026317,0.0739575327282381,0.0739575327282381
2025-02-19,0.3020060943276546,0.23038351414026317,0.0716225801873914,0.0716225801873914
2025-02-20,0.3884562893293806,0.23777562046193487,0.15068066886744572,0.15068066886744572
2025-02-21,0.3722889865725093,0.36436397662752035,0.007925009944988959,0.007925009944988959
2025-02-24,0.4601870403800824,0.36261538358642437,0.09757165679365803,0.09757165679365803
2025-02-25,0.4943844224273526,0.3568257912939629,0.13755863113338967,0.13755863113338967
2025-02-26,0.5248295869798706,0.3568257912939629,0.16800379568590768,0.16800379568590768
2025-02-27,0.5408002714666835,0.3665819632676744,0.17421830819900913,0.17421830819900913
2025-02-28,0.4875980006851488,0.31736324159163853,0.17023475909351027,0.17023475909351027
2025-03-03,0.5888443121291158,0.4477322871913346,0.1411120249377812,0.1411120249377812
2025-03-04,0.5684114615553945,0.4549741448180521,0.11343731673734236,0.11343731673734236
2025-03-05,0.5459355795077682,0.37881377981262204,0.16712179969514612,0.16712179969514612
2025-03-06,0.5156470990169304,0.5320818380628197,-0.016434739045889324,0.016434739045889324
2025-03-07,0.6081452705145639,0.4774804842595917,0.1306647862549722,0.1306647862549722
2025-03-10,0.4378767859581707,0.543437965886191,-0.10556117992802028,0.10556117992802028
2025-03-11,0.4539852795632906,0.546077479917701,-0.09209220035441035,0.09209220035441035
2025-03-12,0.4787324595557596,0.49255500489206505,-0.013822545336305447,0.013822545336305447
2025-03-13,0.4255351764798766,0.541341940354576,-0.11580676387469935,0.11580676387469935
2025-03-14,0.2639407057194601,0.4057155651374139,-0.1417748594179538,0.1417748594179538
2025-03-17,0.3694087164428315,0.36559519798911944,0.0038135184537120836,0.0038135184537120836
2025-03-18,0.3289032119159861,0.38101526340289865,-0.05211205148691256,0.05211205148691256
2025-03-19,0.3329090779067131,0.3697535812904436,-0.03684450338373052,0.03684450338373052
2025-03-20,0.3352429250411194,0.371886825591193,-0.036643900550073605,0.036643900550073605
2025-03-21,0.4608234250992571,0.36086603176502013,0.09995739333423698,0.09995739333423698
2025-03-24,0.3780738833405022,0.3149926551336361,0.06308122820686607,0.06308122820686607
2025-03-25,0.3819761928410642,0.3168768642221743,0.0650993286188899,0.0650993286188899
2025-03-26,0.3542807530061024,0.3381810748525302,0.016099678153572217,0.016099678153572217
2025-03-27,0.8618915859673572,0.36029657311018726,0.5015950128571699,0.5015950128571699
2025-03-28,1.264605196651354,0.3905263362487209,0.8740788604026332,0.8740788604026332
2025-03-31,1.2621061039448938,0.39126423194239535,0.8708418720024984,0.8708418720024984
2025-04-01,1.28546936334322,0.3848996944310243,0.9005696689121956,0.9005696689121956
2025-04-02,1.9295322917030948,0.38994718534322204,1.5395851063598727,1.5395851063598727
2025-04-03,1.8481317696511583,0.698837507989915,1.1492942616612434,1.1492942616612434
2025-04-04,1.593768403482084,1.3586562947625225,0.23511210871956156,0.23511210871956156
2025-04-07,1.5982818480399563,1.2101878719121566,0.3880939761277997,0.3880939761277997
2025-04-08,1.5786542301062962,1.0241668632760943,0.5544873668302019,0.5544873668302019
2025-04-09,0.7345667516567917,1.737818682462733,-1.0032519308059413,1.0032519308059413
2025-04-10,0.4768940541857271,1.7231092867496898,-1.2462152325639626,1.2462152325639626
2025-04-11,0.5382838106865836,1.6962044207478442,-1.1579206100612605,1.1579206100612605
2025-04-14,0.6550170530967546,1.6200844235191867,-0.9650673704224321,0.9650673704224321
2025-04-15,0.705052662345227,1.5862818030431505,-0.8812291406979235,0.8812291406979235
2025-04-16,0.6848626837867172,0.8908698593751957,-0.20600717558847847,0.20600717558847847
2025-04-17,0.6944012150409218,0.8770648775943285,-0.1826636625534067,0.1826636625534067
2025-04-21,0.5822004574165143,0.913367791784947,-0.3311673343684327,0.3311673343684327
2025-04-22,0.4385369713058941,0.9378123012071892,-0.4992753299012951,0.4992753299012951
2025-04-23,0.3522220806806806,0.8955792956795501,-0.5433572149988695,0.5433572149988695
2025-04-24,0.1806251093729963,0.4770123182591396,-0.2963872088861433,0.2963872088861433
2025-04-25,0.2699706095875938,0.48868654577508236,-0.21871593618748858,0.21871593618748858
2025-04-28,0.288286754198044,0.4381572081134794,-0.1498704539154354,0.1498704539154354
2025-04-29,0.2995071583407473,0.38374587873867066,-0.08423872039792335,0.08423872039792335
2025-04-30,0.3064202949054154,0.443310971843495,-0.1368906769380796,0.1368906769380796
2025-05-01,0.3039484726677246,0.4787859669975143,-0.17483749432978968,0.17483749432978968
2025-05-02,0.1966073053236155,0.41821820669459747,-0.22161090137098197,0.22161090137098197
2025-05-05,0.5357421818518873,0.41668172325193537,0.1190604585999519,0.1190604585999519
2025-05-06,0.533978479420399,0.45589548634247207,0.07808299307792693,0.07808299307792693
2025-05-07,0.5297708534260389,0.43662945117830226,0.09314140224773665,0.09314140224773665
2025-05-08,0.5258469009504484,0.365822396452093,0.16002450449835537,0.16002450449835537
2025-05-09,0.5372783243695602,0.3866002981951425,0.15067802617441772,0.15067802617441772
2025-05-12,0.173687901221911,0.35913075736104855,-0.18544285613913755,0.18544285613913755
2025-05-13,0.1443344714326312,0.3577424867621859,-0.2134080153295547,0.2134080153295547
2025-05-14,0.2953792341333399,0.3710680724632657,-0.07568883832992579,0.07568883832992579
2025-05-15,0.2881203544788015,0.32453809352680374,-0.03641773904800222,0.03641773904800222
2025-05-16,0.2866173959018383,0.32960696291272523,-0.04298956701088691,0.04298956701088691
2025-05-19,0.4304857755801437,0.3345474410417805,0.0959383345383632,0.0959383345383632
2025-05-20,0.4351718272209252,0.29972400304193886,0.13544782417898632,0.13544782417898632
2025-05-21,0.3559947479682916,0.42197175734238473,-0.06597700937409312,0.06597700937409312
2025-05-22,0.3559270008933602,0.39359626229881045,-0.03766926140545024,0.03766926140545024
2025-05-23,0.34567346701281,0.3963320660122255,-0.050658598999415494,0.050658598999415494
2025-05-27,0.1567085146394762,0.385886073788136,-0.2291775591486598,0.2291775591486598
2025-05-28,0.129203419570332,0.3950235993285128,-0.2658201797581808,0.2658201797581808
2025-05-29,0.1403946910072323,0.34325246439163926,-0.20285777338440697,0.20285777338440697
2025-05-30,0.2146443277613765,0.3447863899182746,-0.13014206215689808,0.13014206215689808
2025-06-02,0.2050908264778385,0.34284143968696307,-0.13775061320912457,0.13775061320912457
2025-06-03,0.2028980720259433,0.31489694887610603,-0.11199887685016274,0.11199887685016274
2025-06-04,0.2075302582442952,0.3062814424077797,-0.09875118416348452,0.09875118416348452
2025-06-05,0.1992018515340407,0.35842399344675435,-0.15922214191271364,0.15922214191271364
2025-06-06,0.214109676001714,0.30645238702961985,-0.09234271102790587,0.09234271102790587
2025-06-09,0.2601059070375754,0.3128862519208279,-0.052780344883252506,0.052780344883252506
2025-06-10,0.2790126270303386,0.26017532042730945,0.018837306603029125,0.018837306603029125
2025-06-11,0.2756258343303595,0.2587423005209074,0.016883533809452067,0.016883533809452067
2025-06-12,0.2711092450698751,0.26872854465676993,0.0023807004131051746,0.0023807004131051746
2025-06-13,0.2530014774486764,0.3492080548852537,-0.09620657743657729,0.09620657743657729
2025-06-16,0.2698364185764663,0.3346210955599493,-0.064784676983483,0.064784676983483
2025-06-17,0.234700285984263,0.3672498831211014,-0.1325495971368384,0.1325495971368384
2025-06-18,0.2667215607537752,0.3694787808506262,-0.10275722009685101,0.10275722009685101
2025-06-20,0.2770740326591375,0.3569643146032017,-0.07989028194406422,0.07989028194406422
2025-06-23,0.2458092895854222,0.2787832477317163,-0.03297395814629411,0.03297395814629411
2025-06-24,0.1729469717927005,0.25940950512543715,-0.08646253333273665,0.08646253333273665
2025-06-25,0.1885677667753648,0.265350543598694,-0.07678277682332918,0.07678277682332918
2025-06-26,0.1919792034386893,0.2541709001383782,-0.06219169669968888,0.06219169669968888
2025-06-27,0.2138423367144497,0.24087711212557852,-0.027034775411128836,0.027034775411128836
2025-06-30,0.1979174602086034,0.25652675261494756,-0.05860929240634416,0.05860929240634416
2025-07-01,0.2192277208795172,0.25641662035837726,-0.03718889947886006,0.03718889947886006
2025-07-02,0.2104967645168352,0.25652675261494756,-0.04602998809811237,0.04602998809811237
2025-07-03,0.1722778016511108,0.24483174868557453,-0.07255394703446372,0.07255394703446372
2025-07-07,0.1203214300898206,0.2759639803838972,-0.1556425502940766,0.1556425502940766
2025-07-08,0.1353068734753096,0.2816630222795006,-0.14635614880419098,0.14635614880419098
2025-07-09,0.1080039313047431,0.23583335101902336,-0.12782941971428025,0.12782941971428025
2025-07-10,0.130414464299158,0.23723128579093586,-0.10681682149177785,0.10681682149177785
2025-07-11,0.1194184325795896,0.27609217862656715,-0.15667374604697754,0.15667374604697754
2025-07-14,0.1193939661549342,0.2606840458290831,-0.14129007967414892,0.14129007967414892
2025-07-15,0.1019673020905613,0.27653513013015485,-0.17456782803959353,0.17456782803959353
2025-07-16,0.1519687680785358,0.30456153939429703,-0.15259277131576124,0.15259277131576124
2025-07-17,0.1264078722479979,0.2659501863438107,-0.13954231409581278,0.13954231409581278
2025-07-18,0.1412144544472396,0.24912656829327137,-0.10791211384603178,0.10791211384603178
2025-07-21,0.139487600682096,0.26496619974223234,-0.12547859906013634,0.12547859906013634
2025-07-22,0.1468606032039125,0.24953882950177617,-0.10267822629786366,0.10267822629786366
2025-07-23,0.0818705308781399,0.2433262769278096,-0.16145574604966967,0.16145574604966967
2025-07-24,0.1001651693908038,0.24351777592038332,-0.1433526065295795,0.1433526065295795
2025-07-25,0.2675117256155808,0.24198385039374798,0.025527875221832808,0.025527875221832808
2025-07-28,0.3542435880627863,0.24351777592038332,0.11072581214240296,0.11072581214240296
2025-07-29,0.3595147382420494,0.2511245497565155,0.10839018848553389,0.10839018848553389
2025-07-30,0.3769918121946989,0.2643683374193878,0.1126234747753111,0.1126234747753111
2025-07-31,0.372599204567144,0.29599483260222426,0.07660437196491976,0.07660437196491976
2025-08-01,0.2975697976997533,0.3606546529524734,-0.06308485525272012,0.06308485525272012
2025-08-04,0.1902579229655239,0.3364735568155621,-0.14621563385003822,0.14621563385003822
2025-08-05,0.2495905998565476,0.3436693370477632,-0.0940787371912156,0.0940787371912156
2025-08-06,0.2272669628691099,0.28166403330296175,-0.054397070433851835,0.054397070433851835
2025-08-07,0.2269648129670552,0.27539142564121444,-0.048426612674159236,0.048426612674159236
2025-08-08,0.1960166724908967,0.2320119142381875,-0.035995241747290824,0.035995241747290824
2025-08-11,0.1919398967019721,0.24051380435866715,-0.04857390765669506,0.04857390765669506
2025-08-12,0.1160457367022856,0.23903037998026141,-0.12298464327797581,0.12298464327797581
2025-08-13,0.1110836973837997,0.2173082353368173,-0.10622453795301762,0.10622453795301762
2025-08-14,0.1279576488901018,0.23570747942781398,-0.10774983053771217,0.10774983053771217
2025-08-15,0.267393810657585,0.2548319667400056,0.012561843917579418,0.012561843917579418
2025-08-18,0.2758683405844503,0.23951956649780512,0.03634877408664519,0.03634877408664519
2025-08-19,0.2677558866331098,0.2810226283319872,-0.013266741698877427,0.013266741698877427
2025-08-20,0.267650466782478,0.28233049796050347,-0.014680031178025466,0.014680031178025466
2025-08-21,0.2647325274963961,0.33690441028102186,-0.07217188278462577,0.07217188278462577
2025-08-22,0.1523752062788328,0.2556998593957936,-0.10332465311696079,0.10332465311696079
2025-08-25,0.1754176421364152,0.2645699911793366,-0.08915234904292141,0.08915234904292141
2025-08-26,0.1816700547989654,0.24210081096497704,-0.06043075616601165,0.06043075616601165
2025-08-27,0.2213062923984332,0.2567695144035833,-0.03546322200515012,0.03546322200515012
2025-08-28,0.2213725368254133,0.24196287244573292,-0.020590335620319616,0.020590335620319616
2025-08-29,0.1993457189468455,0.2698722208198215,-0.07052650187297599,0.07052650187297599
2025-09-02,0.1714503975411965,0.35145702163489945,-0.18000662409370294,0.18000662409370294
2025-09-03,0.1584615275541757,0.3118779442973317,-0.15341641674315598,0.15341641674315598
2025-09-04,0.1602937113069174,0.2676911031432242,-0.10739739183630678,0.10739739183630678
2025-09-05,0.1523819117034674,0.2846534698603879,-0.13227155815692052,0.13227155815692052
2025-09-08,0.1663166364283841,0.23477280831924896,-0.06845617189086486,0.06845617189086486
2025-09-09,0.1620606350737566,0.23191691553216268,-0.06985628045840608,0.06985628045840608
2025-09-10,0.1557714105696792,0.229975170223987,-0.07420375965430781,0.07420375965430781
2025-09-11,0.1096509019005629,0.22937585144987294,-0.11972494954931004,0.11972494954931004
2025-09-12,0.1339772927126285,0.23150909575062234,-0.09753180303799383,0.09753180303799383
2025-09-15,0.131427040197174,0.2487514554534337,-0.1173244152562597,0.1173244152562597
2025-09-16,0.156606716587234,0.2557161368729551,-0.09910942028572109,0.09910942028572109
2025-09-17,0.1622840901343519,0.23930902185383437,-0.07702493171948246,0.07702493171948246
2025-09-18,0.1641295877653331,0.2392280398098574,-0.07509845204452431,0.07509845204452431
2025-09-19,0.1722766411476594,0.24389883047695202,-0.07162218932929262,0.07162218932929262
2025-09-22,0.1629283551796416,0.26270188093137015,-0.09977352575172854,0.09977352575172854
2025-09-23,0.15190309073247,0.2938857852817605,-0.14198269454929052,0.14198269454929052
2025-09-24,0.1546922565608323,0.2750596702894466,-0.12036741372861431,0.12036741372861431
2025-09-25,0.1329335219068782,0.2993773734683555,-0.1664438515614773,0.1664438515614773
2025-09-26,0.0945850740788134,0.2631963766677184,-0.168611302588905,0.168611302588905
2025-09-29,0.102661432737964,0.29851098942940535,-0.19584955669144133,0.19584955669144133
2025-09-30,0.100070487523942,0.2616006920662587,-0.1615302045423167,0.1615302045423167
2025-10-01,0.1249784735407767,0.24759387490103188,-0.12261540136025519,0.12261540136025519
2025-10-02,0.1320682039838097,0.2687525957738227,-0.13668439179001302,0.13668439179001302
2025-10-03,0.4558743067859119,0.27006046540233897,0.18581384138357293,0.18581384138357293
2025-10-06,0.5146409126449548,0.26767991535342217,0.24696099729153265,0.24696099729153265
2025-10-07,0.51166211015255,0.28752190112566844,0.2241402090268816,0.2241402090268816
2025-10-08,0.5073043976256965,0.2534383496378884,0.25386604798780804,0.25386604798780804
2025-10-09,0.5152535508092974,0.2664729555139198,0.24878059529537755,0.24878059529537755
2025-10-10,0.2864781667882643,0.37712691539524024,-0.09064874860697592,0.09064874860697592
2025-10-13,0.2238205818717379,0.3654827480212631,-0.14166216614952523,0.14166216614952523
2025-10-14,0.2224371832173623,0.3772657700513775,-0.1548285868340152,0.1548285868340152
2025-10-15,0.2294075750727668,0.3739832514836462,-0.1445756764108794,0.1445756764108794
2025-10-16,0.2260278719662488,0.5903264323796084,-0.36429856041335956,0.36429856041335956
2025-10-17,0.2444138434262522,0.2854803520507414,-0.04106650862448921,0.04106650862448921
2025-10-20,0.2625644316070279,0.28480232304174796,-0.022237891434720047,0.022237891434720047
2025-10-21,0.2650583795095569,0.2658616631027595,-0.0008032835932025861,0.0008032835932025861
2025-10-22,0.2510750535038858,0.3052262913815374,-0.05415123787765158,0.05415123787765158
2025-10-23,0.2819581702154724,0.2595700355006859,0.022388134714786512,0.022388134714786512
2025-10-24,0.2561433498950107,0.2554444526939056,0.0006988972011051087,0.0006988972011051087
2025-10-27,0.1695689253503593,0.23538393802046886,-0.06581501267010956,0.06581501267010956
2025-10-28,0.250125551977671,0.2547912887269882,-0.004665736749317195,0.004665736749317195
2025-10-29,0.2567368612242522,0.2737055300095593,-0.01696866878530706,0.01696866878530706
2025-10-30,0.2697915588315523,0.29688511005470586,-0.027093551223153545,0.027093551223153545
2025-10-31,0.2673307311184142,0.28480498031914575,-0.01747424920073154,0.01747424920073154
2025-11-03,0.3599790790321424,0.3167091880371487,0.043269890994993676,0.043269890994993676
2025-11-04,0.3091000112207577,0.3842318370463722,-0.0751318258256145,0.0751318258256145
2025-11-05,0.3037945278224186,0.3389346981669599,-0.03514017034454131,0.03514017034454131
2025-11-06,0.3615109743202086,0.39277909359619256,-0.03126811927598394,0.03126811927598394
2025-11-07,0.3610441749747072,0.35513608873380365,0.005908086240903554,0.005908086240903554
2025-11-10,0.3046952116604343,0.28559135329215535,0.019103858368278936,0.019103858368278936
2025-11-11,0.3302684041152532,0.2757230375498137,0.05454536656543951,0.05454536656543951
2025-11-12,0.3354326211842997,0.2744565141711699,0.06097610701312978,0.06097610701312978
2025-11-13,0.3229650045119193,0.3139154899640557,0.009049514547863569,0.009049514547863569
2025-11-14,0.3582203990882756,0.3036495995691952,0.05457079951908039,0.05457079951908039
2025-11-17,0.407847254293874,0.3613700134237768,0.04647724087009719,0.04647724087009719
2025-11-18,0.4117343312736627,0.4756657769593233,-0.06393144568566062,0.06393144568566062
2025-11-19,0.4218128875190481,0.43948945331484046,-0.017676565795792354,0.017676565795792354
2025-11-20,0.3508270519516111,0.5029582180819948,-0.1521311661303837,0.1521311661303837
2025-11-21,0.3258528153931382,0.44968906246471224,-0.12383624707157403,0.12383624707157403
2025-11-24,0.2198408273162765,0.3299472577419214,-0.11010643042564491,0.11010643042564491
2025-11-25,0.1733604889033795,0.34182026697376594,-0.16845977807038645,0.16845977807038645
2025-11-26,0.1356800661105521,0.31648498302433387,-0.18080491691378175,0.18080491691378175
2025-11-28,0.1102958744816231,0.25904249587878825,-0.14874662139716516,0.14874662139716516
2025-12-01,0.0896851859325505,0.29729284507291137,-0.2076076591403609,0.2076076591403609
2025-12-02,0.0819715514114677,0.3031579967887368,-0.2211864453772691,0.2211864453772691
2025-12-03,0.1260614470930766,0.23817994579011864,-0.11211849869704205,0.11211849869704205
2025-12-04,0.1291705380158937,0.2672700470406287,-0.13809950902473497,0.13809950902473497
2025-12-05,0.2114383456751079,0.2791087166281957,-0.06767037095308778,0.06767037095308778
2025-12-08,0.2056499528586733,0.2988038080730729,-0.09315385521439959,0.09315385521439959
2025-12-09,0.2086474296949979,0.28471209740509584,-0.07606466771009796,0.07606466771009796
2025-12-10,0.2576645973142562,0.2698963936470336,-0.012231796332777378,0.012231796332777378
2025-12-11,0.2846805627945368,0.25948245413890997,0.025198108655626827,0.025198108655626827
2025-12-12,0.2673986320788346,0.29888711939151086,-0.03148848731267628,0.03148848731267628
2025-12-15,0.2850118620652709,0.31368432134211893,-0.028672459276848028,0.028672459276848028
2025-12-16,0.2915313865956623,0.31368432134211893,-0.022152934746456632,0.022152934746456632
2025-12-17,0.2309483103547404,0.3675374264395323,-0.1365891160847919,0.1365891160847919
2025-12-18,0.1939617509250087,0.36272784370706923,-0.16876609278206053,0.16876609278206053
2025-12-19,0.1458817817062946,0.2702997780982753,-0.12441799639198073,0.12441799639198073
2025-12-22,0.1067051342608569,0.183770765252205,-0.07706563099134811,0.07706563099134811
2025-12-23,0.1411901442246253,0.18825901729293462,-0.047068873068309314,0.047068873068309314
2025-12-24,0.135021022778568,0.23761546453338878,-0.10259444175482077,0.10259444175482077
2025-12-26,0.168278693216519,0.23914939006002411,-0.07087069684350511,0.07087069684350511
2025-12-29,0.186683851273512,0.23750533227681841,-0.05082148100330641,0.05082148100330641
2025-12-30,0.193301878035283,0.25249771298078655,-0.05919583494550354,0.05919583494550354
2025-12-31,0.1537012718554342,0.2282716634643848,-0.0745703916089506,0.0745703916089506
